location_id,cases,time
150010,16,2007
150013,0,2007
150020,27,2007
150030,0,2007
150034,0,2007
150040,0,2007
150050,0,2007
150060,1,2007
150070,0,2007
150080,1,2007
150085,0,2007
150090,0,2007
150095,7,2007
150100,0,2007
150110,0,2007
150120,12,2007
150125,0,2007
150130,21,2007
150140,1,2007
150145,2,2007
150150,0,2007
150157,0,2007
150160,0,2007
150170,0,2007
150172,0,2007
150175,0,2007
150178,2,2007
150180,0,2007
150190,23,2007
150195,0,2007
150200,0,2007
150210,29,2007
150215,0,2007
150220,1,2007
150230,4,2007
150240,0,2007
150250,0,2007
150260,0,2007
150270,5,2007
150275,6,2007
150276,0,2007
150277,0,2007
150280,0,2007
150285,0,2007
150290,0,2007
150293,0,2007
150295,1,2007
150300,0,2007
150304,0,2007
150307,4,2007
150309,0,2007
150310,0,2007
150320,1,2007
150330,4,2007
150340,1,2007
150345,3,2007
150350,0,2007
150360,0,2007
150370,1,2007
150375,0,2007
150380,1,2007
150390,1,2007
150400,1,2007
150405,2,2007
150410,0,2007
150420,4,2007
150430,0,2007
150440,0,2007
150442,0,2007
150445,0,2007
150450,0,2007
150460,9,2007
150470,36,2007
150475,0,2007
150480,0,2007
150490,1,2007
150495,0,2007
150497,0,2007
150500,1,2007
150503,0,2007
150506,1,2007
150510,0,2007
150520,5,2007
150530,0,2007
150540,0,2007
150543,0,2007
150548,1,2007
150549,0,2007
150550,2,2007
150553,0,2007
150555,0,2007
150560,0,2007
150563,1,2007
150565,1,2007
150570,4,2007
150580,0,2007
150590,0,2007
150600,0,2007
150610,0,2007
150611,0,2007
150613,1,2007
150616,0,2007
150618,0,2007
150619,0,2007
150620,0,2007
150630,6,2007
150635,0,2007
150640,0,2007
150650,0,2007
150655,0,2007
150658,0,2007
150660,1,2007
150670,2,2007
150680,13,2007
150690,0,2007
150700,0,2007
150710,1,2007
150715,0,2007
150720,9,2007
150730,0,2007
150740,0,2007
150745,0,2007
150746,0,2007
150747,0,2007
150750,0,2007
150760,1,2007
150770,0,2007
150775,0,2007
150780,0,2007
150790,1,2007
150795,5,2007
150796,0,2007
150797,0,2007
150800,19,2007
150803,0,2007
150805,0,2007
150808,0,2007
150810,3,2007
150812,1,2007
150815,1,2007
150820,0,2007
150830,0,2007
150835,0,2007
150840,5,2007
170025,0,2007
170030,1,2007
170035,0,2007
170040,0,2007
170070,0,2007
170100,7,2007
170105,0,2007
170110,0,2007
170130,2,2007
170190,0,2007
170200,0,2007
170210,204,2007
170215,8,2007
170220,16,2007
170230,0,2007
170240,1,2007
170255,3,2007
170270,0,2007
170290,3,2007
170300,5,2007
170305,0,2007
170307,0,2007
170310,0,2007
170320,0,2007
170330,0,2007
170360,0,2007
170370,0,2007
170380,12,2007
170382,0,2007
170384,0,2007
170386,0,2007
170388,0,2007
170389,0,2007
170390,0,2007
170410,2,2007
170460,0,2007
170510,0,2007
170550,0,2007
170555,0,2007
170560,0,2007
170600,3,2007
170610,0,2007
170625,0,2007
170650,0,2007
170700,0,2007
170710,0,2007
170720,0,2007
170730,0,2007
170740,0,2007
170755,0,2007
170765,0,2007
170770,1,2007
170820,0,2007
170825,0,2007
170830,0,2007
170900,0,2007
170930,3,2007
170950,1,2007
170980,0,2007
171050,0,2007
171070,0,2007
171090,0,2007
171110,0,2007
171150,0,2007
171180,1,2007
171190,0,2007
171195,0,2007
171200,0,2007
171215,0,2007
171240,1,2007
171245,0,2007
171250,0,2007
171270,0,2007
171280,0,2007
171320,2,2007
171330,0,2007
171360,1,2007
171370,0,2007
171380,2,2007
171395,2,2007
171420,2,2007
171430,0,2007
171488,3,2007
171500,0,2007
171510,0,2007
171515,0,2007
171525,0,2007
171550,0,2007
171570,2,2007
171575,0,2007
171610,22,2007
171620,0,2007
171630,0,2007
171650,0,2007
171660,0,2007
171665,9,2007
171670,0,2007
171700,0,2007
171720,1,2007
171750,1,2007
171780,0,2007
171790,1,2007
171800,0,2007
171820,16,2007
171830,0,2007
171840,0,2007
171845,0,2007
171850,0,2007
171855,0,2007
171865,0,2007
171870,0,2007
171875,0,2007
171880,0,2007
171884,0,2007
171886,5,2007
171888,0,2007
171889,0,2007
171890,0,2007
171900,0,2007
172000,0,2007
172010,0,2007
172015,0,2007
172020,0,2007
172025,0,2007
172030,0,2007
172049,0,2007
172065,0,2007
172080,6,2007
172085,0,2007
172090,1,2007
172093,0,2007
172097,0,2007
172100,28,2007
172110,0,2007
172120,10,2007
172125,0,2007
172130,0,2007
172208,9,2007
172210,1,2007
210005,9,2007
210010,0,2007
210015,0,2007
210020,1,2007
210030,1,2007
210040,0,2007
210043,0,2007
210047,0,2007
210050,0,2007
210055,0,2007
210060,3,2007
210070,0,2007
210080,0,2007
210083,0,2007
210087,0,2007
210090,0,2007
210095,1,2007
210100,0,2007
210110,0,2007
210120,3,2007
210125,0,2007
210130,1,2007
210135,0,2007
210140,6,2007
210150,1,2007
210160,9,2007
210170,2,2007
210173,0,2007
210177,0,2007
210180,0,2007
210190,0,2007
210193,0,2007
210197,0,2007
210200,0,2007
210203,0,2007
210207,0,2007
210210,4,2007
210215,0,2007
210220,1,2007
210230,1,2007
210232,0,2007
210235,0,2007
210237,0,2007
210240,0,2007
210250,0,2007
210255,0,2007
210260,0,2007
210270,1,2007
210275,0,2007
210280,11,2007
210290,0,2007
210300,42,2007
210310,1,2007
210312,0,2007
210315,0,2007
210317,0,2007
210320,4,2007
210325,0,2007
210330,21,2007
210340,21,2007
210350,1,2007
210355,0,2007
210360,6,2007
210370,0,2007
210375,0,2007
210380,2,2007
210390,1,2007
210400,1,2007
210405,1,2007
210407,0,2007
210408,0,2007
210409,1,2007
210410,0,2007
210420,1,2007
210430,0,2007
210440,0,2007
210450,0,2007
210455,5,2007
210460,0,2007
210462,0,2007
210465,0,2007
210467,0,2007
210470,0,2007
210480,3,2007
210490,0,2007
210500,0,2007
210510,0,2007
210515,0,2007
210520,0,2007
210530,33,2007
210535,1,2007
210540,2,2007
210542,1,2007
210545,0,2007
210547,0,2007
210550,4,2007
210560,1,2007
210565,0,2007
210570,3,2007
210580,0,2007
210590,0,2007
210592,0,2007
210594,0,2007
210596,0,2007
210598,0,2007
210600,2,2007
210610,0,2007
210620,0,2007
210630,0,2007
210632,0,2007
210635,0,2007
210637,1,2007
210640,1,2007
210650,0,2007
210660,0,2007
210663,0,2007
210667,0,2007
210670,0,2007
210675,0,2007
210680,0,2007
210690,0,2007
210700,1,2007
210710,0,2007
210720,0,2007
210725,0,2007
210730,0,2007
210735,0,2007
210740,0,2007
210745,0,2007
210750,4,2007
210760,0,2007
210770,1,2007
210780,0,2007
210790,0,2007
210800,1,2007
210805,0,2007
210810,0,2007
210820,2,2007
210825,0,2007
210830,0,2007
210840,0,2007
210845,2,2007
210850,0,2007
210860,0,2007
210870,0,2007
210880,2,2007
210890,0,2007
210900,7,2007
210905,0,2007
210910,1,2007
210920,0,2007
210923,0,2007
210927,0,2007
210930,0,2007
210940,0,2007
210945,4,2007
210950,2,2007
210955,0,2007
210960,0,2007
210970,0,2007
210975,0,2007
210980,0,2007
210990,0,2007
211000,0,2007
211003,0,2007
211010,2,2007
211020,0,2007
211023,0,2007
211027,0,2007
211030,1,2007
211040,0,2007
211050,0,2007
211060,0,2007
211065,0,2007
211070,1,2007
211080,0,2007
211085,1,2007
211090,1,2007
211100,0,2007
211102,0,2007
211105,0,2007
211107,1,2007
211110,2,2007
211120,13,2007
211125,0,2007
211130,28,2007
211140,1,2007
211150,0,2007
211153,0,2007
211157,0,2007
211160,0,2007
211163,0,2007
211167,0,2007
211170,0,2007
211172,0,2007
211174,2,2007
211176,0,2007
211178,0,2007
211180,1,2007
211190,0,2007
211195,0,2007
211200,0,2007
211210,3,2007
211220,22,2007
211223,1,2007
211227,0,2007
211230,1,2007
211240,0,2007
211245,0,2007
211250,4,2007
211260,5,2007
211270,3,2007
211280,0,2007
211285,0,2007
211290,0,2007
211300,0,2007
211400,0,2007
150010,23,2008
150013,0,2008
150020,7,2008
150030,0,2008
150034,0,2008
150040,0,2008
150050,0,2008
150060,1,2008
150070,1,2008
150080,2,2008
150085,0,2008
150090,0,2008
150095,9,2008
150100,0,2008
150110,1,2008
150120,10,2008
150125,0,2008
150130,23,2008
150140,0,2008
150145,1,2008
150150,0,2008
150157,0,2008
150160,0,2008
150170,0,2008
150172,0,2008
150175,1,2008
150178,2,2008
150180,1,2008
150190,22,2008
150195,0,2008
150200,1,2008
150210,53,2008
150215,0,2008
150220,0,2008
150230,0,2008
150240,0,2008
150250,0,2008
150260,1,2008
150270,24,2008
150275,6,2008
150276,0,2008
150277,0,2008
150280,0,2008
150285,0,2008
150290,0,2008
150293,0,2008
150295,0,2008
150300,0,2008
150304,0,2008
150307,2,2008
150309,1,2008
150310,0,2008
150320,0,2008
150330,10,2008
150340,0,2008
150345,3,2008
150350,0,2008
150360,1,2008
150370,0,2008
150375,0,2008
150380,0,2008
150390,3,2008
150400,1,2008
150405,2,2008
150410,0,2008
150420,4,2008
150430,0,2008
150440,0,2008
150442,0,2008
150445,0,2008
150450,0,2008
150460,5,2008
150470,32,2008
150475,0,2008
150480,0,2008
150490,0,2008
150495,0,2008
150497,0,2008
150500,0,2008
150503,0,2008
150506,5,2008
150510,0,2008
150520,15,2008
150530,0,2008
150540,0,2008
150543,0,2008
150548,0,2008
150549,2,2008
150550,1,2008
150553,3,2008
150555,1,2008
150560,0,2008
150563,0,2008
150565,0,2008
150570,0,2008
150580,0,2008
150590,0,2008
150600,0,2008
150610,0,2008
150611,0,2008
150613,2,2008
150616,0,2008
150618,0,2008
150619,0,2008
150620,0,2008
150630,4,2008
150635,0,2008
150640,1,2008
150650,1,2008
150655,0,2008
150658,0,2008
150660,0,2008
150670,0,2008
150680,18,2008
150690,0,2008
150700,0,2008
150710,0,2008
150715,1,2008
150720,9,2008
150730,2,2008
150740,0,2008
150745,0,2008
150746,0,2008
150747,0,2008
150750,0,2008
150760,3,2008
150770,1,2008
150775,0,2008
150780,0,2008
150790,1,2008
150795,7,2008
150796,0,2008
150797,1,2008
150800,29,2008
150803,0,2008
150805,0,2008
150808,0,2008
150810,6,2008
150812,1,2008
150815,1,2008
150820,0,2008
150830,0,2008
150835,0,2008
150840,1,2008
170025,0,2008
170030,4,2008
170035,0,2008
170040,1,2008
170070,0,2008
170100,6,2008
170105,0,2008
170110,0,2008
170130,2,2008
170190,0,2008
170200,0,2008
170210,229,2008
170215,2,2008
170220,36,2008
170230,0,2008
170240,1,2008
170255,4,2008
170270,1,2008
170290,3,2008
170300,6,2008
170305,0,2008
170307,2,2008
170310,0,2008
170320,0,2008
170330,1,2008
170360,0,2008
170370,0,2008
170380,2,2008
170382,0,2008
170384,1,2008
170386,0,2008
170388,2,2008
170389,0,2008
170390,0,2008
170410,0,2008
170460,0,2008
170510,0,2008
170550,2,2008
170555,0,2008
170560,1,2008
170600,2,2008
170610,1,2008
170625,0,2008
170650,1,2008
170700,1,2008
170710,0,2008
170720,0,2008
170730,0,2008
170740,0,2008
170755,1,2008
170765,0,2008
170770,1,2008
170820,0,2008
170825,0,2008
170830,0,2008
170900,1,2008
170930,3,2008
170950,0,2008
170980,0,2008
171050,0,2008
171070,0,2008
171090,0,2008
171110,0,2008
171150,0,2008
171180,0,2008
171190,0,2008
171195,0,2008
171200,0,2008
171215,0,2008
171240,0,2008
171245,0,2008
171250,0,2008
171270,0,2008
171280,1,2008
171320,1,2008
171330,1,2008
171360,0,2008
171370,0,2008
171380,2,2008
171395,0,2008
171420,2,2008
171430,0,2008
171488,4,2008
171500,0,2008
171510,1,2008
171515,0,2008
171525,0,2008
171550,0,2008
171570,0,2008
171575,0,2008
171610,19,2008
171620,0,2008
171630,0,2008
171650,0,2008
171660,1,2008
171665,3,2008
171670,0,2008
171700,0,2008
171720,3,2008
171750,1,2008
171780,0,2008
171790,0,2008
171800,0,2008
171820,10,2008
171830,0,2008
171840,0,2008
171845,0,2008
171850,1,2008
171855,1,2008
171865,0,2008
171870,0,2008
171875,1,2008
171880,0,2008
171884,0,2008
171886,0,2008
171888,0,2008
171889,0,2008
171890,0,2008
171900,0,2008
172000,0,2008
172010,0,2008
172015,0,2008
172020,3,2008
172025,0,2008
172030,0,2008
172049,0,2008
172065,0,2008
172080,1,2008
172085,0,2008
172090,0,2008
172093,0,2008
172097,0,2008
172100,32,2008
172110,1,2008
172120,7,2008
172125,0,2008
172130,0,2008
172208,5,2008
172210,1,2008
210005,14,2008
210010,0,2008
210015,0,2008
210020,0,2008
210030,5,2008
210040,0,2008
210043,1,2008
210047,0,2008
210050,0,2008
210055,0,2008
210060,5,2008
210070,0,2008
210080,0,2008
210083,0,2008
210087,0,2008
210090,0,2008
210095,0,2008
210100,0,2008
210110,0,2008
210120,14,2008
210125,0,2008
210130,2,2008
210135,0,2008
210140,3,2008
210150,0,2008
210160,12,2008
210170,1,2008
210173,0,2008
210177,0,2008
210180,0,2008
210190,0,2008
210193,1,2008
210197,0,2008
210200,0,2008
210203,0,2008
210207,0,2008
210210,0,2008
210215,0,2008
210220,2,2008
210230,2,2008
210232,1,2008
210235,0,2008
210237,0,2008
210240,0,2008
210250,0,2008
210255,2,2008
210260,0,2008
210270,10,2008
210275,0,2008
210280,3,2008
210290,0,2008
210300,33,2008
210310,1,2008
210312,0,2008
210315,0,2008
210317,0,2008
210320,3,2008
210325,0,2008
210330,22,2008
210340,13,2008
210350,32,2008
210355,0,2008
210360,22,2008
210370,1,2008
210375,0,2008
210380,3,2008
210390,1,2008
210400,2,2008
210405,5,2008
210407,1,2008
210408,0,2008
210409,0,2008
210410,0,2008
210420,1,2008
210430,0,2008
210440,0,2008
210450,2,2008
210455,10,2008
210460,2,2008
210462,0,2008
210465,0,2008
210467,0,2008
210470,0,2008
210480,2,2008
210490,0,2008
210500,1,2008
210510,0,2008
210515,0,2008
210520,0,2008
210530,39,2008
210535,0,2008
210540,9,2008
210542,0,2008
210545,0,2008
210547,0,2008
210550,5,2008
210560,0,2008
210565,0,2008
210570,9,2008
210580,0,2008
210590,0,2008
210592,0,2008
210594,0,2008
210596,0,2008
210598,0,2008
210600,3,2008
210610,0,2008
210620,0,2008
210630,0,2008
210632,0,2008
210635,0,2008
210637,0,2008
210640,0,2008
210650,0,2008
210660,1,2008
210663,0,2008
210667,0,2008
210670,2,2008
210675,1,2008
210680,0,2008
210690,0,2008
210700,1,2008
210710,0,2008
210720,0,2008
210725,0,2008
210730,0,2008
210735,0,2008
210740,0,2008
210745,0,2008
210750,13,2008
210760,0,2008
210770,1,2008
210780,1,2008
210790,1,2008
210800,2,2008
210805,0,2008
210810,1,2008
210820,13,2008
210825,0,2008
210830,0,2008
210840,0,2008
210845,2,2008
210850,0,2008
210860,0,2008
210870,1,2008
210880,1,2008
210890,1,2008
210900,6,2008
210905,0,2008
210910,4,2008
210920,0,2008
210923,0,2008
210927,0,2008
210930,1,2008
210940,0,2008
210945,7,2008
210950,3,2008
210955,0,2008
210960,4,2008
210970,0,2008
210975,0,2008
210980,0,2008
210990,1,2008
211000,1,2008
211003,0,2008
211010,0,2008
211020,0,2008
211023,0,2008
211027,0,2008
211030,5,2008
211040,1,2008
211050,0,2008
211060,0,2008
211065,0,2008
211070,3,2008
211080,0,2008
211085,0,2008
211090,0,2008
211100,0,2008
211102,0,2008
211105,0,2008
211107,1,2008
211110,1,2008
211120,12,2008
211125,1,2008
211130,29,2008
211140,3,2008
211150,0,2008
211153,0,2008
211157,0,2008
211160,0,2008
211163,0,2008
211167,0,2008
211170,0,2008
211172,0,2008
211174,1,2008
211176,0,2008
211178,0,2008
211180,0,2008
211190,0,2008
211195,1,2008
211200,0,2008
211210,3,2008
211220,34,2008
211223,2,2008
211227,0,2008
211230,1,2008
211240,0,2008
211245,0,2008
211250,4,2008
211260,4,2008
211270,0,2008
211280,0,2008
211285,0,2008
211290,0,2008
211300,1,2008
211400,0,2008
150010,5,2009
150013,0,2009
150020,6,2009
150030,0,2009
150034,0,2009
150040,0,2009
150050,0,2009
150060,2,2009
150070,0,2009
150080,0,2009
150085,2,2009
150090,0,2009
150095,8,2009
150100,1,2009
150110,0,2009
150120,4,2009
150125,0,2009
150130,20,2009
150140,2,2009
150145,0,2009
150150,0,2009
150157,0,2009
150160,0,2009
150170,0,2009
150172,0,2009
150175,0,2009
150178,1,2009
150180,0,2009
150190,14,2009
150195,0,2009
150200,3,2009
150210,21,2009
150215,0,2009
150220,1,2009
150230,1,2009
150240,2,2009
150250,0,2009
150260,0,2009
150270,40,2009
150275,3,2009
150276,0,2009
150277,0,2009
150280,0,2009
150285,0,2009
150290,0,2009
150293,0,2009
150295,0,2009
150300,0,2009
150304,1,2009
150307,8,2009
150309,0,2009
150310,0,2009
150320,0,2009
150330,17,2009
150340,0,2009
150345,1,2009
150350,0,2009
150360,0,2009
150370,0,2009
150375,0,2009
150380,0,2009
150390,0,2009
150400,0,2009
150405,2,2009
150410,0,2009
150420,4,2009
150430,0,2009
150440,0,2009
150442,0,2009
150445,1,2009
150450,0,2009
150460,7,2009
150470,8,2009
150475,0,2009
150480,1,2009
150490,0,2009
150495,4,2009
150497,0,2009
150500,0,2009
150503,0,2009
150506,0,2009
150510,0,2009
150520,2,2009
150530,0,2009
150540,0,2009
150543,1,2009
150548,1,2009
150549,0,2009
150550,5,2009
150553,2,2009
150555,0,2009
150560,0,2009
150563,0,2009
150565,0,2009
150570,0,2009
150580,0,2009
150590,0,2009
150600,0,2009
150610,0,2009
150611,0,2009
150613,0,2009
150616,0,2009
150618,0,2009
150619,0,2009
150620,0,2009
150630,2,2009
150635,0,2009
150640,0,2009
150650,0,2009
150655,0,2009
150658,0,2009
150660,0,2009
150670,0,2009
150680,16,2009
150690,0,2009
150700,0,2009
150710,0,2009
150715,0,2009
150720,13,2009
150730,1,2009
150740,0,2009
150745,2,2009
150746,0,2009
150747,0,2009
150750,0,2009
150760,1,2009
150770,0,2009
150775,0,2009
150780,0,2009
150790,0,2009
150795,11,2009
150796,0,2009
150797,0,2009
150800,16,2009
150803,0,2009
150805,1,2009
150808,0,2009
150810,2,2009
150812,0,2009
150815,0,2009
150820,1,2009
150830,0,2009
150835,0,2009
150840,0,2009
170025,1,2009
170030,6,2009
170035,0,2009
170040,0,2009
170070,0,2009
170100,9,2009
170105,0,2009
170110,0,2009
170130,0,2009
170190,7,2009
170200,0,2009
170210,155,2009
170215,0,2009
170220,38,2009
170230,3,2009
170240,1,2009
170255,5,2009
170270,0,2009
170290,1,2009
170300,1,2009
170305,0,2009
170307,0,2009
170310,0,2009
170320,0,2009
170330,1,2009
170360,0,2009
170370,0,2009
170380,9,2009
170382,0,2009
170384,0,2009
170386,0,2009
170388,1,2009
170389,1,2009
170390,0,2009
170410,0,2009
170460,0,2009
170510,0,2009
170550,8,2009
170555,0,2009
170560,4,2009
170600,0,2009
170610,1,2009
170625,0,2009
170650,2,2009
170700,2,2009
170710,0,2009
170720,1,2009
170730,0,2009
170740,0,2009
170755,3,2009
170765,0,2009
170770,2,2009
170820,0,2009
170825,0,2009
170830,0,2009
170900,1,2009
170930,3,2009
170950,1,2009
170980,0,2009
171050,0,2009
171070,0,2009
171090,0,2009
171110,0,2009
171150,1,2009
171180,3,2009
171190,0,2009
171195,1,2009
171200,0,2009
171215,0,2009
171240,3,2009
171245,0,2009
171250,0,2009
171270,0,2009
171280,0,2009
171320,1,2009
171330,1,2009
171360,0,2009
171370,0,2009
171380,2,2009
171395,1,2009
171420,9,2009
171430,0,2009
171488,5,2009
171500,0,2009
171510,0,2009
171515,0,2009
171525,1,2009
171550,0,2009
171570,0,2009
171575,0,2009
171610,15,2009
171620,0,2009
171630,1,2009
171650,0,2009
171660,0,2009
171665,2,2009
171670,10,2009
171700,0,2009
171720,1,2009
171750,0,2009
171780,0,2009
171790,1,2009
171800,0,2009
171820,24,2009
171830,0,2009
171840,0,2009
171845,0,2009
171850,0,2009
171855,1,2009
171865,0,2009
171870,0,2009
171875,0,2009
171880,0,2009
171884,0,2009
171886,3,2009
171888,0,2009
171889,0,2009
171890,1,2009
171900,0,2009
172000,0,2009
172010,0,2009
172015,0,2009
172020,2,2009
172025,0,2009
172030,0,2009
172049,0,2009
172065,0,2009
172080,2,2009
172085,0,2009
172090,0,2009
172093,0,2009
172097,0,2009
172100,41,2009
172110,1,2009
172120,14,2009
172125,0,2009
172130,0,2009
172208,4,2009
172210,3,2009
210005,24,2009
210010,0,2009
210015,0,2009
210020,0,2009
210030,0,2009
210040,0,2009
210043,3,2009
210047,0,2009
210050,1,2009
210055,0,2009
210060,5,2009
210070,0,2009
210080,0,2009
210083,0,2009
210087,0,2009
210090,0,2009
210095,0,2009
210100,0,2009
210110,0,2009
210120,3,2009
210125,1,2009
210130,0,2009
210135,0,2009
210140,9,2009
210150,4,2009
210160,14,2009
210170,1,2009
210173,0,2009
210177,0,2009
210180,0,2009
210190,0,2009
210193,1,2009
210197,0,2009
210200,0,2009
210203,1,2009
210207,0,2009
210210,4,2009
210215,0,2009
210220,1,2009
210230,2,2009
210232,1,2009
210235,0,2009
210237,0,2009
210240,0,2009
210250,0,2009
210255,1,2009
210260,0,2009
210270,2,2009
210275,0,2009
210280,2,2009
210290,0,2009
210300,28,2009
210310,1,2009
210312,0,2009
210315,0,2009
210317,1,2009
210320,8,2009
210325,0,2009
210330,30,2009
210340,10,2009
210350,22,2009
210355,0,2009
210360,6,2009
210370,5,2009
210375,2,2009
210380,4,2009
210390,0,2009
210400,3,2009
210405,0,2009
210407,0,2009
210408,0,2009
210409,0,2009
210410,0,2009
210420,1,2009
210430,0,2009
210440,2,2009
210450,1,2009
210455,12,2009
210460,1,2009
210462,0,2009
210465,0,2009
210467,0,2009
210470,1,2009
210480,2,2009
210490,0,2009
210500,0,2009
210510,0,2009
210515,1,2009
210520,0,2009
210530,31,2009
210535,0,2009
210540,14,2009
210542,0,2009
210545,0,2009
210547,0,2009
210550,6,2009
210560,3,2009
210565,0,2009
210570,3,2009
210580,0,2009
210590,0,2009
210592,0,2009
210594,1,2009
210596,0,2009
210598,2,2009
210600,1,2009
210610,0,2009
210620,0,2009
210630,0,2009
210632,0,2009
210635,0,2009
210637,1,2009
210640,0,2009
210650,0,2009
210660,1,2009
210663,0,2009
210667,0,2009
210670,0,2009
210675,12,2009
210680,0,2009
210690,0,2009
210700,1,2009
210710,0,2009
210720,2,2009
210725,0,2009
210730,0,2009
210735,0,2009
210740,0,2009
210745,0,2009
210750,3,2009
210760,0,2009
210770,2,2009
210780,2,2009
210790,3,2009
210800,0,2009
210805,1,2009
210810,0,2009
210820,8,2009
210825,0,2009
210830,0,2009
210840,0,2009
210845,0,2009
210850,0,2009
210860,0,2009
210870,0,2009
210880,1,2009
210890,1,2009
210900,10,2009
210905,0,2009
210910,4,2009
210920,0,2009
210923,0,2009
210927,0,2009
210930,1,2009
210940,0,2009
210945,1,2009
210950,1,2009
210955,0,2009
210960,6,2009
210970,0,2009
210975,0,2009
210980,0,2009
210990,0,2009
211000,1,2009
211003,1,2009
211010,0,2009
211020,0,2009
211023,0,2009
211027,0,2009
211030,1,2009
211040,0,2009
211050,0,2009
211060,0,2009
211065,0,2009
211070,3,2009
211080,0,2009
211085,0,2009
211090,1,2009
211100,0,2009
211102,0,2009
211105,1,2009
211107,2,2009
211110,3,2009
211120,8,2009
211125,0,2009
211130,15,2009
211140,2,2009
211150,0,2009
211153,0,2009
211157,0,2009
211160,1,2009
211163,0,2009
211167,0,2009
211170,0,2009
211172,0,2009
211174,1,2009
211176,3,2009
211178,0,2009
211180,1,2009
211190,0,2009
211195,0,2009
211200,0,2009
211210,3,2009
211220,12,2009
211223,1,2009
211227,0,2009
211230,3,2009
211240,0,2009
211245,0,2009
211250,3,2009
211260,0,2009
211270,2,2009
211280,0,2009
211285,0,2009
211290,0,2009
211300,1,2009
211400,0,2009
150010,14,2010
150013,0,2010
150020,10,2010
150030,0,2010
150034,0,2010
150040,1,2010
150050,1,2010
150060,0,2010
150070,3,2010
150080,2,2010
150085,0,2010
150090,0,2010
150095,0,2010
150100,0,2010
150110,0,2010
150120,3,2010
150125,0,2010
150130,13,2010
150140,1,2010
150145,2,2010
150150,1,2010
150157,0,2010
150160,0,2010
150170,0,2010
150172,0,2010
150175,0,2010
150178,1,2010
150180,0,2010
150190,12,2010
150195,0,2010
150200,1,2010
150210,20,2010
150215,0,2010
150220,0,2010
150230,1,2010
150240,0,2010
150250,0,2010
150260,0,2010
150270,14,2010
150275,3,2010
150276,0,2010
150277,0,2010
150280,1,2010
150285,0,2010
150290,0,2010
150293,0,2010
150295,0,2010
150300,0,2010
150304,0,2010
150307,6,2010
150309,0,2010
150310,0,2010
150320,2,2010
150330,23,2010
150340,0,2010
150345,2,2010
150350,1,2010
150360,0,2010
150370,0,2010
150375,0,2010
150380,0,2010
150390,2,2010
150400,0,2010
150405,2,2010
150410,0,2010
150420,0,2010
150430,0,2010
150440,0,2010
150442,0,2010
150445,0,2010
150450,0,2010
150460,10,2010
150470,16,2010
150475,0,2010
150480,3,2010
150490,0,2010
150495,1,2010
150497,0,2010
150500,0,2010
150503,0,2010
150506,1,2010
150510,0,2010
150520,17,2010
150530,0,2010
150540,0,2010
150543,1,2010
150548,0,2010
150549,0,2010
150550,5,2010
150553,0,2010
150555,0,2010
150560,0,2010
150563,0,2010
150565,1,2010
150570,6,2010
150580,0,2010
150590,0,2010
150600,1,2010
150610,0,2010
150611,0,2010
150613,1,2010
150616,0,2010
150618,0,2010
150619,0,2010
150620,0,2010
150630,5,2010
150635,0,2010
150640,0,2010
150650,0,2010
150655,0,2010
150658,0,2010
150660,0,2010
150670,1,2010
150680,17,2010
150690,0,2010
150700,0,2010
150710,0,2010
150715,0,2010
150720,3,2010
150730,0,2010
150740,0,2010
150745,0,2010
150746,0,2010
150747,0,2010
150750,0,2010
150760,1,2010
150770,0,2010
150775,2,2010
150780,0,2010
150790,2,2010
150795,4,2010
150796,0,2010
150797,0,2010
150800,28,2010
150803,0,2010
150805,0,2010
150808,2,2010
150810,0,2010
150812,0,2010
150815,0,2010
150820,0,2010
150830,0,2010
150835,0,2010
150840,1,2010
170025,0,2010
170030,3,2010
170035,0,2010
170040,0,2010
170070,0,2010
170100,2,2010
170105,0,2010
170110,0,2010
170130,2,2010
170190,1,2010
170200,0,2010
170210,95,2010
170215,0,2010
170220,23,2010
170230,1,2010
170240,2,2010
170255,2,2010
170270,0,2010
170290,3,2010
170300,1,2010
170305,0,2010
170307,0,2010
170310,0,2010
170320,0,2010
170330,0,2010
170360,1,2010
170370,0,2010
170380,3,2010
170382,0,2010
170384,0,2010
170386,0,2010
170388,1,2010
170389,0,2010
170390,0,2010
170410,0,2010
170460,1,2010
170510,0,2010
170550,4,2010
170555,0,2010
170560,2,2010
170600,1,2010
170610,1,2010
170625,0,2010
170650,0,2010
170700,1,2010
170710,0,2010
170720,1,2010
170730,0,2010
170740,0,2010
170755,1,2010
170765,0,2010
170770,2,2010
170820,0,2010
170825,0,2010
170830,1,2010
170900,3,2010
170930,5,2010
170950,1,2010
170980,0,2010
171050,0,2010
171070,0,2010
171090,0,2010
171110,0,2010
171150,0,2010
171180,4,2010
171190,0,2010
171195,0,2010
171200,0,2010
171215,0,2010
171240,2,2010
171245,0,2010
171250,0,2010
171270,0,2010
171280,2,2010
171320,4,2010
171330,1,2010
171360,1,2010
171370,1,2010
171380,1,2010
171395,0,2010
171420,2,2010
171430,0,2010
171488,15,2010
171500,0,2010
171510,0,2010
171515,0,2010
171525,0,2010
171550,0,2010
171570,0,2010
171575,0,2010
171610,21,2010
171620,0,2010
171630,0,2010
171650,0,2010
171660,1,2010
171665,4,2010
171670,7,2010
171700,1,2010
171720,1,2010
171750,0,2010
171780,0,2010
171790,0,2010
171800,0,2010
171820,33,2010
171830,6,2010
171840,0,2010
171845,1,2010
171850,2,2010
171855,1,2010
171865,0,2010
171870,0,2010
171875,1,2010
171880,0,2010
171884,0,2010
171886,1,2010
171888,0,2010
171889,0,2010
171890,0,2010
171900,1,2010
172000,0,2010
172010,0,2010
172015,0,2010
172020,3,2010
172025,0,2010
172030,0,2010
172049,0,2010
172065,2,2010
172080,3,2010
172085,0,2010
172090,2,2010
172093,0,2010
172097,0,2010
172100,41,2010
172110,0,2010
172120,10,2010
172125,0,2010
172130,0,2010
172208,3,2010
172210,0,2010
210005,22,2010
210010,0,2010
210015,0,2010
210020,0,2010
210030,3,2010
210040,0,2010
210043,7,2010
210047,0,2010
210050,0,2010
210055,0,2010
210060,4,2010
210070,0,2010
210080,1,2010
210083,0,2010
210087,1,2010
210090,0,2010
210095,0,2010
210100,0,2010
210110,1,2010
210120,7,2010
210125,0,2010
210130,0,2010
210135,0,2010
210140,3,2010
210150,1,2010
210160,18,2010
210170,1,2010
210173,0,2010
210177,0,2010
210180,0,2010
210190,0,2010
210193,0,2010
210197,0,2010
210200,0,2010
210203,1,2010
210207,1,2010
210210,1,2010
210215,0,2010
210220,2,2010
210230,1,2010
210232,1,2010
210235,1,2010
210237,0,2010
210240,0,2010
210250,0,2010
210255,0,2010
210260,0,2010
210270,4,2010
210275,0,2010
210280,1,2010
210290,0,2010
210300,38,2010
210310,0,2010
210312,0,2010
210315,0,2010
210317,0,2010
210320,8,2010
210325,0,2010
210330,29,2010
210340,8,2010
210350,2,2010
210355,0,2010
210360,8,2010
210370,0,2010
210375,0,2010
210380,3,2010
210390,0,2010
210400,5,2010
210405,1,2010
210407,0,2010
210408,0,2010
210409,0,2010
210410,0,2010
210420,0,2010
210430,0,2010
210440,1,2010
210450,2,2010
210455,4,2010
210460,2,2010
210462,0,2010
210465,0,2010
210467,1,2010
210470,0,2010
210480,8,2010
210490,0,2010
210500,0,2010
210510,0,2010
210515,0,2010
210520,2,2010
210530,28,2010
210535,0,2010
210540,34,2010
210542,0,2010
210545,1,2010
210547,0,2010
210550,8,2010
210560,1,2010
210565,0,2010
210570,5,2010
210580,0,2010
210590,1,2010
210592,0,2010
210594,0,2010
210596,0,2010
210598,0,2010
210600,0,2010
210610,0,2010
210620,0,2010
210630,0,2010
210632,0,2010
210635,0,2010
210637,1,2010
210640,1,2010
210650,0,2010
210660,6,2010
210663,0,2010
210667,0,2010
210670,0,2010
210675,8,2010
210680,0,2010
210690,0,2010
210700,0,2010
210710,0,2010
210720,1,2010
210725,0,2010
210730,0,2010
210735,0,2010
210740,0,2010
210745,0,2010
210750,7,2010
210760,0,2010
210770,1,2010
210780,2,2010
210790,0,2010
210800,1,2010
210805,0,2010
210810,0,2010
210820,4,2010
210825,0,2010
210830,0,2010
210840,0,2010
210845,1,2010
210850,0,2010
210860,0,2010
210870,1,2010
210880,3,2010
210890,0,2010
210900,3,2010
210905,0,2010
210910,2,2010
210920,0,2010
210923,0,2010
210927,0,2010
210930,0,2010
210940,0,2010
210945,0,2010
210950,0,2010
210955,1,2010
210960,5,2010
210970,0,2010
210975,0,2010
210980,0,2010
210990,0,2010
211000,1,2010
211003,0,2010
211010,0,2010
211020,0,2010
211023,1,2010
211027,1,2010
211030,3,2010
211040,0,2010
211050,1,2010
211060,0,2010
211065,0,2010
211070,1,2010
211080,0,2010
211085,1,2010
211090,0,2010
211100,0,2010
211102,0,2010
211105,1,2010
211107,2,2010
211110,2,2010
211120,5,2010
211125,0,2010
211130,18,2010
211140,6,2010
211150,5,2010
211153,0,2010
211157,0,2010
211160,0,2010
211163,1,2010
211167,0,2010
211170,0,2010
211172,0,2010
211174,1,2010
211176,2,2010
211178,0,2010
211180,2,2010
211190,0,2010
211195,0,2010
211200,0,2010
211210,0,2010
211220,17,2010
211223,2,2010
211227,0,2010
211230,1,2010
211240,0,2010
211245,2,2010
211250,4,2010
211260,0,2010
211270,4,2010
211280,0,2010
211285,0,2010
211290,0,2010
211300,1,2010
211400,1,2010
150010,7,2011
150013,0,2011
150020,18,2011
150030,0,2011
150034,0,2011
150040,0,2011
150050,0,2011
150060,0,2011
150070,0,2011
150080,1,2011
150085,0,2011
150090,0,2011
150095,2,2011
150100,0,2011
150110,0,2011
150120,11,2011
150125,0,2011
150130,26,2011
150140,3,2011
150145,1,2011
150150,0,2011
150157,0,2011
150160,0,2011
150170,0,2011
150172,0,2011
150175,0,2011
150178,2,2011
150180,0,2011
150190,15,2011
150195,0,2011
150200,1,2011
150210,27,2011
150215,2,2011
150220,0,2011
150230,0,2011
150240,0,2011
150250,0,2011
150260,0,2011
150270,34,2011
150275,5,2011
150276,0,2011
150277,0,2011
150280,0,2011
150285,0,2011
150290,0,2011
150293,1,2011
150295,1,2011
150300,0,2011
150304,0,2011
150307,10,2011
150309,0,2011
150310,0,2011
150320,0,2011
150330,25,2011
150340,0,2011
150345,0,2011
150350,0,2011
150360,0,2011
150370,0,2011
150375,0,2011
150380,0,2011
150390,0,2011
150400,0,2011
150405,2,2011
150410,0,2011
150420,5,2011
150430,0,2011
150440,0,2011
150442,1,2011
150445,0,2011
150450,0,2011
150460,4,2011
150470,13,2011
150475,0,2011
150480,0,2011
150490,1,2011
150495,1,2011
150497,1,2011
150500,0,2011
150503,0,2011
150506,0,2011
150510,0,2011
150520,20,2011
150530,0,2011
150540,0,2011
150543,0,2011
150548,1,2011
150549,0,2011
150550,2,2011
150553,0,2011
150555,0,2011
150560,0,2011
150563,0,2011
150565,0,2011
150570,1,2011
150580,0,2011
150590,0,2011
150600,0,2011
150610,0,2011
150611,0,2011
150613,1,2011
150616,0,2011
150618,0,2011
150619,0,2011
150620,0,2011
150630,11,2011
150635,0,2011
150640,0,2011
150650,0,2011
150655,0,2011
150658,1,2011
150660,0,2011
150670,1,2011
150680,11,2011
150690,0,2011
150700,0,2011
150710,0,2011
150715,0,2011
150720,17,2011
150730,2,2011
150740,0,2011
150745,9,2011
150746,0,2011
150747,0,2011
150750,0,2011
150760,1,2011
150770,0,2011
150775,0,2011
150780,0,2011
150790,1,2011
150795,3,2011
150796,0,2011
150797,0,2011
150800,30,2011
150803,0,2011
150805,0,2011
150808,1,2011
150810,1,2011
150812,0,2011
150815,0,2011
150820,0,2011
150830,0,2011
150835,0,2011
150840,0,2011
170025,0,2011
170030,4,2011
170035,0,2011
170040,0,2011
170070,0,2011
170100,11,2011
170105,0,2011
170110,0,2011
170130,1,2011
170190,7,2011
170200,0,2011
170210,180,2011
170215,1,2011
170220,20,2011
170230,4,2011
170240,0,2011
170255,4,2011
170270,0,2011
170290,3,2011
170300,2,2011
170305,3,2011
170307,0,2011
170310,0,2011
170320,0,2011
170330,0,2011
170360,0,2011
170370,0,2011
170380,5,2011
170382,1,2011
170384,1,2011
170386,0,2011
170388,8,2011
170389,0,2011
170390,0,2011
170410,0,2011
170460,0,2011
170510,2,2011
170550,22,2011
170555,0,2011
170560,3,2011
170600,0,2011
170610,4,2011
170625,0,2011
170650,3,2011
170700,3,2011
170710,0,2011
170720,1,2011
170730,0,2011
170740,1,2011
170755,0,2011
170765,0,2011
170770,5,2011
170820,0,2011
170825,0,2011
170830,4,2011
170900,1,2011
170930,4,2011
170950,1,2011
170980,0,2011
171050,1,2011
171070,0,2011
171090,0,2011
171110,0,2011
171150,0,2011
171180,6,2011
171190,0,2011
171195,1,2011
171200,0,2011
171215,0,2011
171240,0,2011
171245,1,2011
171250,0,2011
171270,0,2011
171280,0,2011
171320,22,2011
171330,0,2011
171360,0,2011
171370,0,2011
171380,0,2011
171395,0,2011
171420,0,2011
171430,0,2011
171488,4,2011
171500,0,2011
171510,1,2011
171515,0,2011
171525,0,2011
171550,1,2011
171570,1,2011
171575,0,2011
171610,14,2011
171620,1,2011
171630,1,2011
171650,2,2011
171660,0,2011
171665,0,2011
171670,15,2011
171700,1,2011
171720,2,2011
171750,0,2011
171780,0,2011
171790,0,2011
171800,0,2011
171820,20,2011
171830,3,2011
171840,0,2011
171845,0,2011
171850,3,2011
171855,1,2011
171865,0,2011
171870,0,2011
171875,0,2011
171880,3,2011
171884,0,2011
171886,17,2011
171888,1,2011
171889,1,2011
171890,0,2011
171900,0,2011
172000,1,2011
172010,0,2011
172015,0,2011
172020,0,2011
172025,0,2011
172030,1,2011
172049,0,2011
172065,1,2011
172080,1,2011
172085,0,2011
172090,3,2011
172093,0,2011
172097,0,2011
172100,32,2011
172110,3,2011
172120,4,2011
172125,0,2011
172130,0,2011
172208,6,2011
172210,0,2011
210005,17,2011
210010,0,2011
210015,0,2011
210020,0,2011
210030,4,2011
210040,0,2011
210043,5,2011
210047,0,2011
210050,0,2011
210055,0,2011
210060,9,2011
210070,0,2011
210080,1,2011
210083,0,2011
210087,0,2011
210090,0,2011
210095,2,2011
210100,0,2011
210110,1,2011
210120,4,2011
210125,5,2011
210130,1,2011
210135,0,2011
210140,9,2011
210150,0,2011
210160,22,2011
210170,2,2011
210173,0,2011
210177,0,2011
210180,0,2011
210190,0,2011
210193,0,2011
210197,0,2011
210200,0,2011
210203,0,2011
210207,0,2011
210210,1,2011
210215,1,2011
210220,1,2011
210230,3,2011
210232,0,2011
210235,0,2011
210237,0,2011
210240,0,2011
210250,0,2011
210255,0,2011
210260,0,2011
210270,1,2011
210275,0,2011
210280,2,2011
210290,0,2011
210300,30,2011
210310,0,2011
210312,0,2011
210315,0,2011
210317,0,2011
210320,12,2011
210325,0,2011
210330,27,2011
210340,12,2011
210350,2,2011
210355,0,2011
210360,5,2011
210370,0,2011
210375,2,2011
210380,4,2011
210390,0,2011
210400,1,2011
210405,7,2011
210407,0,2011
210408,0,2011
210409,1,2011
210410,0,2011
210420,0,2011
210430,0,2011
210440,0,2011
210450,2,2011
210455,6,2011
210460,1,2011
210462,0,2011
210465,0,2011
210467,0,2011
210470,0,2011
210480,11,2011
210490,0,2011
210500,0,2011
210510,0,2011
210515,0,2011
210520,2,2011
210530,35,2011
210535,2,2011
210540,12,2011
210542,0,2011
210545,0,2011
210547,0,2011
210550,8,2011
210560,1,2011
210565,0,2011
210570,2,2011
210580,0,2011
210590,0,2011
210592,0,2011
210594,0,2011
210596,1,2011
210598,0,2011
210600,1,2011
210610,1,2011
210620,0,2011
210630,0,2011
210632,0,2011
210635,1,2011
210637,1,2011
210640,0,2011
210650,0,2011
210660,11,2011
210663,2,2011
210667,0,2011
210670,0,2011
210675,2,2011
210680,0,2011
210690,0,2011
210700,3,2011
210710,0,2011
210720,1,2011
210725,0,2011
210730,0,2011
210735,1,2011
210740,1,2011
210745,0,2011
210750,6,2011
210760,0,2011
210770,0,2011
210780,2,2011
210790,0,2011
210800,0,2011
210805,1,2011
210810,1,2011
210820,8,2011
210825,0,2011
210830,0,2011
210840,0,2011
210845,1,2011
210850,1,2011
210860,0,2011
210870,0,2011
210880,4,2011
210890,0,2011
210900,14,2011
210905,0,2011
210910,2,2011
210920,0,2011
210923,1,2011
210927,0,2011
210930,0,2011
210940,0,2011
210945,1,2011
210950,5,2011
210955,1,2011
210960,5,2011
210970,1,2011
210975,0,2011
210980,0,2011
210990,3,2011
211000,0,2011
211003,0,2011
211010,0,2011
211020,0,2011
211023,0,2011
211027,2,2011
211030,1,2011
211040,0,2011
211050,0,2011
211060,1,2011
211065,0,2011
211070,1,2011
211080,0,2011
211085,0,2011
211090,0,2011
211100,0,2011
211102,0,2011
211105,1,2011
211107,1,2011
211110,0,2011
211120,10,2011
211125,1,2011
211130,21,2011
211140,4,2011
211150,19,2011
211153,0,2011
211157,0,2011
211160,0,2011
211163,0,2011
211167,0,2011
211170,0,2011
211172,0,2011
211174,0,2011
211176,1,2011
211178,0,2011
211180,2,2011
211190,0,2011
211195,0,2011
211200,0,2011
211210,3,2011
211220,17,2011
211223,0,2011
211227,0,2011
211230,0,2011
211240,0,2011
211245,0,2011
211250,3,2011
211260,0,2011
211270,4,2011
211280,0,2011
211285,0,2011
211290,0,2011
211300,1,2011
211400,0,2011
150010,4,2012
150013,0,2012
150020,17,2012
150030,0,2012
150034,0,2012
150040,0,2012
150050,0,2012
150060,0,2012
150070,1,2012
150080,1,2012
150085,0,2012
150090,0,2012
150095,1,2012
150100,0,2012
150110,0,2012
150120,0,2012
150125,1,2012
150130,10,2012
150140,0,2012
150145,0,2012
150150,0,2012
150157,0,2012
150160,0,2012
150170,0,2012
150172,0,2012
150175,1,2012
150178,1,2012
150180,1,2012
150190,7,2012
150195,0,2012
150200,0,2012
150210,44,2012
150215,0,2012
150220,0,2012
150230,1,2012
150240,0,2012
150250,0,2012
150260,0,2012
150270,32,2012
150275,4,2012
150276,0,2012
150277,0,2012
150280,0,2012
150285,0,2012
150290,0,2012
150293,0,2012
150295,0,2012
150300,0,2012
150304,0,2012
150307,0,2012
150309,0,2012
150310,0,2012
150320,0,2012
150330,10,2012
150340,0,2012
150345,0,2012
150350,0,2012
150360,0,2012
150370,0,2012
150375,0,2012
150380,0,2012
150390,0,2012
150400,1,2012
150405,0,2012
150410,0,2012
150420,0,2012
150430,0,2012
150440,0,2012
150442,3,2012
150445,0,2012
150450,1,2012
150460,5,2012
150470,6,2012
150475,0,2012
150480,5,2012
150490,0,2012
150495,1,2012
150497,0,2012
150500,0,2012
150503,0,2012
150506,1,2012
150510,0,2012
150520,6,2012
150530,0,2012
150540,0,2012
150543,0,2012
150548,0,2012
150549,1,2012
150550,2,2012
150553,2,2012
150555,0,2012
150560,0,2012
150563,1,2012
150565,0,2012
150570,1,2012
150580,0,2012
150590,0,2012
150600,0,2012
150610,0,2012
150611,0,2012
150613,2,2012
150616,0,2012
150618,0,2012
150619,0,2012
150620,0,2012
150630,2,2012
150635,0,2012
150640,0,2012
150650,0,2012
150655,0,2012
150658,0,2012
150660,0,2012
150670,1,2012
150680,7,2012
150690,0,2012
150700,0,2012
150710,0,2012
150715,0,2012
150720,9,2012
150730,0,2012
150740,1,2012
150745,18,2012
150746,0,2012
150747,0,2012
150750,0,2012
150760,0,2012
150770,0,2012
150775,0,2012
150780,0,2012
150790,1,2012
150795,6,2012
150796,0,2012
150797,0,2012
150800,18,2012
150803,0,2012
150805,0,2012
150808,0,2012
150810,0,2012
150812,0,2012
150815,0,2012
150820,0,2012
150830,0,2012
150835,0,2012
150840,0,2012
170025,0,2012
170030,0,2012
170035,0,2012
170040,1,2012
170070,0,2012
170100,0,2012
170105,0,2012
170110,0,2012
170130,1,2012
170190,1,2012
170200,0,2012
170210,139,2012
170215,1,2012
170220,6,2012
170230,3,2012
170240,0,2012
170255,7,2012
170270,0,2012
170290,0,2012
170300,4,2012
170305,2,2012
170307,1,2012
170310,1,2012
170320,0,2012
170330,0,2012
170360,0,2012
170370,0,2012
170380,0,2012
170382,0,2012
170384,1,2012
170386,0,2012
170388,11,2012
170389,0,2012
170390,0,2012
170410,0,2012
170460,0,2012
170510,1,2012
170550,14,2012
170555,0,2012
170560,0,2012
170600,2,2012
170610,1,2012
170625,0,2012
170650,1,2012
170700,2,2012
170710,0,2012
170720,6,2012
170730,0,2012
170740,1,2012
170755,0,2012
170765,0,2012
170770,2,2012
170820,1,2012
170825,0,2012
170830,2,2012
170900,1,2012
170930,2,2012
170950,2,2012
170980,0,2012
171050,1,2012
171070,2,2012
171090,0,2012
171110,1,2012
171150,0,2012
171180,0,2012
171190,0,2012
171195,1,2012
171200,0,2012
171215,0,2012
171240,1,2012
171245,0,2012
171250,0,2012
171270,0,2012
171280,1,2012
171320,6,2012
171330,1,2012
171360,0,2012
171370,0,2012
171380,0,2012
171395,0,2012
171420,0,2012
171430,0,2012
171488,15,2012
171500,0,2012
171510,0,2012
171515,0,2012
171525,0,2012
171550,0,2012
171570,0,2012
171575,0,2012
171610,20,2012
171620,1,2012
171630,1,2012
171650,1,2012
171660,0,2012
171665,1,2012
171670,5,2012
171700,1,2012
171720,0,2012
171750,0,2012
171780,0,2012
171790,0,2012
171800,0,2012
171820,8,2012
171830,2,2012
171840,0,2012
171845,0,2012
171850,3,2012
171855,2,2012
171865,0,2012
171870,0,2012
171875,1,2012
171880,3,2012
171884,0,2012
171886,2,2012
171888,0,2012
171889,0,2012
171890,0,2012
171900,0,2012
172000,1,2012
172010,2,2012
172015,0,2012
172020,0,2012
172025,0,2012
172030,0,2012
172049,0,2012
172065,0,2012
172080,1,2012
172085,0,2012
172090,1,2012
172093,0,2012
172097,1,2012
172100,23,2012
172110,0,2012
172120,1,2012
172125,0,2012
172130,0,2012
172208,5,2012
172210,2,2012
210005,12,2012
210010,0,2012
210015,0,2012
210020,0,2012
210030,1,2012
210040,0,2012
210043,6,2012
210047,0,2012
210050,0,2012
210055,0,2012
210060,3,2012
210070,0,2012
210080,0,2012
210083,1,2012
210087,0,2012
210090,1,2012
210095,0,2012
210100,0,2012
210110,1,2012
210120,6,2012
210125,2,2012
210130,0,2012
210135,0,2012
210140,14,2012
210150,2,2012
210160,11,2012
210170,1,2012
210173,0,2012
210177,1,2012
210180,0,2012
210190,0,2012
210193,0,2012
210197,0,2012
210200,0,2012
210203,0,2012
210207,0,2012
210210,1,2012
210215,1,2012
210220,1,2012
210230,1,2012
210232,0,2012
210235,0,2012
210237,0,2012
210240,0,2012
210250,1,2012
210255,0,2012
210260,0,2012
210270,1,2012
210275,0,2012
210280,0,2012
210290,0,2012
210300,21,2012
210310,2,2012
210312,0,2012
210315,0,2012
210317,0,2012
210320,5,2012
210325,2,2012
210330,21,2012
210340,25,2012
210350,6,2012
210355,0,2012
210360,8,2012
210370,0,2012
210375,1,2012
210380,2,2012
210390,3,2012
210400,1,2012
210405,4,2012
210407,0,2012
210408,0,2012
210409,0,2012
210410,1,2012
210420,1,2012
210430,0,2012
210440,2,2012
210450,1,2012
210455,2,2012
210460,0,2012
210462,0,2012
210465,0,2012
210467,0,2012
210470,0,2012
210480,9,2012
210490,0,2012
210500,1,2012
210510,0,2012
210515,0,2012
210520,1,2012
210530,11,2012
210535,0,2012
210540,3,2012
210542,1,2012
210545,0,2012
210547,0,2012
210550,1,2012
210560,0,2012
210565,0,2012
210570,3,2012
210580,0,2012
210590,1,2012
210592,1,2012
210594,0,2012
210596,0,2012
210598,0,2012
210600,0,2012
210610,0,2012
210620,0,2012
210630,0,2012
210632,0,2012
210635,0,2012
210637,0,2012
210640,0,2012
210650,0,2012
210660,5,2012
210663,0,2012
210667,0,2012
210670,0,2012
210675,3,2012
210680,0,2012
210690,1,2012
210700,0,2012
210710,0,2012
210720,0,2012
210725,0,2012
210730,0,2012
210735,0,2012
210740,0,2012
210745,0,2012
210750,5,2012
210760,0,2012
210770,1,2012
210780,4,2012
210790,0,2012
210800,0,2012
210805,0,2012
210810,0,2012
210820,2,2012
210825,0,2012
210830,0,2012
210840,0,2012
210845,0,2012
210850,0,2012
210860,0,2012
210870,0,2012
210880,2,2012
210890,0,2012
210900,0,2012
210905,0,2012
210910,1,2012
210920,1,2012
210923,0,2012
210927,0,2012
210930,0,2012
210940,0,2012
210945,1,2012
210950,4,2012
210955,1,2012
210960,4,2012
210970,0,2012
210975,0,2012
210980,0,2012
210990,10,2012
211000,1,2012
211003,0,2012
211010,0,2012
211020,0,2012
211023,0,2012
211027,1,2012
211030,3,2012
211040,0,2012
211050,0,2012
211060,1,2012
211065,0,2012
211070,0,2012
211080,0,2012
211085,0,2012
211090,1,2012
211100,0,2012
211102,0,2012
211105,0,2012
211107,1,2012
211110,3,2012
211120,5,2012
211125,0,2012
211130,19,2012
211140,2,2012
211150,6,2012
211153,1,2012
211157,0,2012
211160,0,2012
211163,0,2012
211167,0,2012
211170,0,2012
211172,0,2012
211174,2,2012
211176,1,2012
211178,0,2012
211180,0,2012
211190,1,2012
211195,1,2012
211200,0,2012
211210,1,2012
211220,12,2012
211223,0,2012
211227,0,2012
211230,0,2012
211240,0,2012
211245,0,2012
211250,0,2012
211260,0,2012
211270,0,2012
211280,0,2012
211285,0,2012
211290,0,2012
211300,0,2012
211400,0,2012
150010,7,2013
150013,0,2013
150020,8,2013
150030,0,2013
150034,0,2013
150040,1,2013
150050,0,2013
150060,0,2013
150070,0,2013
150080,1,2013
150085,0,2013
150090,0,2013
150095,1,2013
150100,0,2013
150110,0,2013
150120,4,2013
150125,0,2013
150130,7,2013
150140,1,2013
150145,0,2013
150150,0,2013
150157,0,2013
150160,0,2013
150170,0,2013
150172,0,2013
150175,0,2013
150178,1,2013
150180,0,2013
150190,9,2013
150195,0,2013
150200,1,2013
150210,18,2013
150215,0,2013
150220,0,2013
150230,1,2013
150240,0,2013
150250,0,2013
150260,0,2013
150270,30,2013
150275,3,2013
150276,1,2013
150277,0,2013
150280,0,2013
150285,0,2013
150290,0,2013
150293,0,2013
150295,0,2013
150300,0,2013
150304,0,2013
150307,2,2013
150309,0,2013
150310,0,2013
150320,0,2013
150330,19,2013
150340,0,2013
150345,0,2013
150350,2,2013
150360,0,2013
150370,0,2013
150375,0,2013
150380,0,2013
150390,0,2013
150400,0,2013
150405,1,2013
150410,0,2013
150420,3,2013
150430,0,2013
150440,0,2013
150442,0,2013
150445,0,2013
150450,0,2013
150460,0,2013
150470,16,2013
150475,0,2013
150480,0,2013
150490,0,2013
150495,0,2013
150497,0,2013
150500,0,2013
150503,0,2013
150506,0,2013
150510,0,2013
150520,4,2013
150530,0,2013
150540,0,2013
150543,0,2013
150548,0,2013
150549,0,2013
150550,3,2013
150553,0,2013
150555,2,2013
150560,0,2013
150563,0,2013
150565,0,2013
150570,1,2013
150580,1,2013
150590,0,2013
150600,0,2013
150610,0,2013
150611,0,2013
150613,37,2013
150616,0,2013
150618,0,2013
150619,0,2013
150620,0,2013
150630,6,2013
150635,0,2013
150640,0,2013
150650,2,2013
150655,0,2013
150658,0,2013
150660,0,2013
150670,2,2013
150680,6,2013
150690,0,2013
150700,0,2013
150710,0,2013
150715,0,2013
150720,7,2013
150730,2,2013
150740,0,2013
150745,11,2013
150746,0,2013
150747,0,2013
150750,0,2013
150760,1,2013
150770,0,2013
150775,1,2013
150780,0,2013
150790,0,2013
150795,0,2013
150796,0,2013
150797,0,2013
150800,8,2013
150803,0,2013
150805,0,2013
150808,0,2013
150810,0,2013
150812,0,2013
150815,0,2013
150820,0,2013
150830,0,2013
150835,0,2013
150840,0,2013
170025,1,2013
170030,0,2013
170035,0,2013
170040,1,2013
170070,0,2013
170100,3,2013
170105,0,2013
170110,0,2013
170130,1,2013
170190,1,2013
170200,0,2013
170210,97,2013
170215,0,2013
170220,5,2013
170230,4,2013
170240,1,2013
170255,3,2013
170270,0,2013
170290,0,2013
170300,2,2013
170305,4,2013
170307,0,2013
170310,0,2013
170320,0,2013
170330,0,2013
170360,0,2013
170370,0,2013
170380,1,2013
170382,5,2013
170384,1,2013
170386,0,2013
170388,1,2013
170389,2,2013
170390,0,2013
170410,0,2013
170460,0,2013
170510,1,2013
170550,12,2013
170555,0,2013
170560,1,2013
170600,1,2013
170610,4,2013
170625,0,2013
170650,1,2013
170700,2,2013
170710,0,2013
170720,0,2013
170730,0,2013
170740,0,2013
170755,0,2013
170765,0,2013
170770,1,2013
170820,0,2013
170825,0,2013
170830,3,2013
170900,1,2013
170930,0,2013
170950,13,2013
170980,0,2013
171050,1,2013
171070,2,2013
171090,0,2013
171110,2,2013
171150,0,2013
171180,0,2013
171190,0,2013
171195,0,2013
171200,0,2013
171215,0,2013
171240,2,2013
171245,0,2013
171250,0,2013
171270,0,2013
171280,2,2013
171320,6,2013
171330,1,2013
171360,0,2013
171370,0,2013
171380,0,2013
171395,0,2013
171420,0,2013
171430,0,2013
171488,2,2013
171500,0,2013
171510,1,2013
171515,0,2013
171525,0,2013
171550,0,2013
171570,2,2013
171575,0,2013
171610,6,2013
171620,1,2013
171630,1,2013
171650,1,2013
171660,0,2013
171665,0,2013
171670,4,2013
171700,0,2013
171720,0,2013
171750,0,2013
171780,2,2013
171790,1,2013
171800,0,2013
171820,6,2013
171830,1,2013
171840,1,2013
171845,0,2013
171850,0,2013
171855,0,2013
171865,0,2013
171870,0,2013
171875,0,2013
171880,2,2013
171884,0,2013
171886,2,2013
171888,0,2013
171889,0,2013
171890,0,2013
171900,1,2013
172000,0,2013
172010,1,2013
172015,0,2013
172020,1,2013
172025,0,2013
172030,0,2013
172049,0,2013
172065,2,2013
172080,1,2013
172085,1,2013
172090,2,2013
172093,0,2013
172097,0,2013
172100,23,2013
172110,3,2013
172120,1,2013
172125,1,2013
172130,0,2013
172208,2,2013
172210,1,2013
210005,18,2013
210010,1,2013
210015,0,2013
210020,1,2013
210030,6,2013
210040,1,2013
210043,6,2013
210047,0,2013
210050,1,2013
210055,0,2013
210060,4,2013
210070,0,2013
210080,0,2013
210083,0,2013
210087,0,2013
210090,1,2013
210095,2,2013
210100,0,2013
210110,0,2013
210120,4,2013
210125,4,2013
210130,0,2013
210135,0,2013
210140,12,2013
210150,1,2013
210160,33,2013
210170,4,2013
210173,0,2013
210177,6,2013
210180,0,2013
210190,0,2013
210193,0,2013
210197,0,2013
210200,0,2013
210203,0,2013
210207,0,2013
210210,1,2013
210215,0,2013
210220,2,2013
210230,4,2013
210232,3,2013
210235,2,2013
210237,0,2013
210240,1,2013
210250,0,2013
210255,1,2013
210260,0,2013
210270,1,2013
210275,1,2013
210280,1,2013
210290,0,2013
210300,41,2013
210310,2,2013
210312,0,2013
210315,0,2013
210317,0,2013
210320,7,2013
210325,0,2013
210330,36,2013
210340,29,2013
210350,8,2013
210355,0,2013
210360,7,2013
210370,0,2013
210375,4,2013
210380,1,2013
210390,4,2013
210400,4,2013
210405,5,2013
210407,0,2013
210408,0,2013
210409,0,2013
210410,1,2013
210420,0,2013
210430,0,2013
210440,1,2013
210450,4,2013
210455,1,2013
210460,2,2013
210462,1,2013
210465,0,2013
210467,0,2013
210470,0,2013
210480,10,2013
210490,1,2013
210500,0,2013
210510,0,2013
210515,0,2013
210520,0,2013
210530,14,2013
210535,0,2013
210540,22,2013
210542,0,2013
210545,0,2013
210547,1,2013
210550,1,2013
210560,1,2013
210565,0,2013
210570,3,2013
210580,0,2013
210590,0,2013
210592,0,2013
210594,0,2013
210596,1,2013
210598,0,2013
210600,1,2013
210610,0,2013
210620,0,2013
210630,1,2013
210632,0,2013
210635,0,2013
210637,0,2013
210640,2,2013
210650,0,2013
210660,21,2013
210663,0,2013
210667,0,2013
210670,0,2013
210675,5,2013
210680,0,2013
210690,0,2013
210700,1,2013
210710,0,2013
210720,0,2013
210725,0,2013
210730,0,2013
210735,1,2013
210740,1,2013
210745,0,2013
210750,5,2013
210760,0,2013
210770,1,2013
210780,16,2013
210790,1,2013
210800,0,2013
210805,0,2013
210810,2,2013
210820,4,2013
210825,0,2013
210830,0,2013
210840,0,2013
210845,1,2013
210850,2,2013
210860,1,2013
210870,2,2013
210880,3,2013
210890,2,2013
210900,10,2013
210905,0,2013
210910,7,2013
210920,1,2013
210923,0,2013
210927,0,2013
210930,0,2013
210940,1,2013
210945,3,2013
210950,2,2013
210955,1,2013
210960,13,2013
210970,0,2013
210975,0,2013
210980,0,2013
210990,28,2013
211000,22,2013
211003,1,2013
211010,1,2013
211020,13,2013
211023,0,2013
211027,0,2013
211030,2,2013
211040,0,2013
211050,0,2013
211060,0,2013
211065,0,2013
211070,1,2013
211080,0,2013
211085,0,2013
211090,0,2013
211100,0,2013
211102,0,2013
211105,4,2013
211107,9,2013
211110,3,2013
211120,12,2013
211125,0,2013
211130,47,2013
211140,4,2013
211150,7,2013
211153,0,2013
211157,0,2013
211160,0,2013
211163,0,2013
211167,0,2013
211170,1,2013
211172,0,2013
211174,5,2013
211176,1,2013
211178,1,2013
211180,1,2013
211190,0,2013
211195,0,2013
211200,0,2013
211210,5,2013
211220,36,2013
211223,1,2013
211227,0,2013
211230,5,2013
211240,1,2013
211245,1,2013
211250,4,2013
211260,0,2013
211270,2,2013
211280,0,2013
211285,0,2013
211290,1,2013
211300,2,2013
211400,1,2013
150010,4,2014
150013,0,2014
150020,7,2014
150030,0,2014
150034,1,2014
150040,1,2014
150050,0,2014
150060,0,2014
150070,0,2014
150080,0,2014
150085,0,2014
150090,0,2014
150095,0,2014
150100,0,2014
150110,0,2014
150120,1,2014
150125,0,2014
150130,3,2014
150140,3,2014
150145,0,2014
150150,0,2014
150157,0,2014
150160,0,2014
150170,0,2014
150172,0,2014
150175,0,2014
150178,0,2014
150180,0,2014
150190,3,2014
150195,0,2014
150200,0,2014
150210,8,2014
150215,3,2014
150220,0,2014
150230,0,2014
150240,0,2014
150250,0,2014
150260,0,2014
150270,16,2014
150275,4,2014
150276,0,2014
150277,0,2014
150280,0,2014
150285,0,2014
150290,0,2014
150293,1,2014
150295,0,2014
150300,1,2014
150304,0,2014
150307,3,2014
150309,1,2014
150310,0,2014
150320,0,2014
150330,12,2014
150340,0,2014
150345,1,2014
150350,0,2014
150360,0,2014
150370,0,2014
150375,0,2014
150380,0,2014
150390,0,2014
150400,1,2014
150405,1,2014
150410,0,2014
150420,1,2014
150430,0,2014
150440,0,2014
150442,0,2014
150445,0,2014
150450,0,2014
150460,4,2014
150470,19,2014
150475,0,2014
150480,0,2014
150490,0,2014
150495,0,2014
150497,0,2014
150500,0,2014
150503,0,2014
150506,0,2014
150510,0,2014
150520,7,2014
150530,0,2014
150540,0,2014
150543,0,2014
150548,0,2014
150549,0,2014
150550,0,2014
150553,2,2014
150555,0,2014
150560,0,2014
150563,0,2014
150565,0,2014
150570,1,2014
150580,0,2014
150590,0,2014
150600,0,2014
150610,0,2014
150611,0,2014
150613,77,2014
150616,0,2014
150618,0,2014
150619,0,2014
150620,0,2014
150630,1,2014
150635,0,2014
150640,0,2014
150650,0,2014
150655,0,2014
150658,3,2014
150660,0,2014
150670,1,2014
150680,3,2014
150690,0,2014
150700,0,2014
150710,0,2014
150715,0,2014
150720,7,2014
150730,0,2014
150740,0,2014
150745,7,2014
150746,0,2014
150747,0,2014
150750,0,2014
150760,0,2014
150770,0,2014
150775,0,2014
150780,0,2014
150790,0,2014
150795,5,2014
150796,0,2014
150797,0,2014
150800,8,2014
150803,0,2014
150805,0,2014
150808,0,2014
150810,0,2014
150812,0,2014
150815,0,2014
150820,0,2014
150830,0,2014
150835,0,2014
150840,0,2014
170025,0,2014
170030,0,2014
170035,0,2014
170040,0,2014
170070,0,2014
170100,0,2014
170105,0,2014
170110,0,2014
170130,0,2014
170190,1,2014
170200,0,2014
170210,51,2014
170215,0,2014
170220,0,2014
170230,1,2014
170240,3,2014
170255,2,2014
170270,0,2014
170290,1,2014
170300,2,2014
170305,1,2014
170307,0,2014
170310,0,2014
170320,0,2014
170330,1,2014
170360,0,2014
170370,1,2014
170380,1,2014
170382,1,2014
170384,0,2014
170386,0,2014
170388,2,2014
170389,2,2014
170390,0,2014
170410,0,2014
170460,1,2014
170510,0,2014
170550,8,2014
170555,0,2014
170560,0,2014
170600,0,2014
170610,1,2014
170625,0,2014
170650,0,2014
170700,3,2014
170710,0,2014
170720,0,2014
170730,0,2014
170740,0,2014
170755,1,2014
170765,0,2014
170770,1,2014
170820,0,2014
170825,0,2014
170830,1,2014
170900,1,2014
170930,0,2014
170950,12,2014
170980,0,2014
171050,0,2014
171070,0,2014
171090,0,2014
171110,0,2014
171150,0,2014
171180,1,2014
171190,1,2014
171195,0,2014
171200,0,2014
171215,0,2014
171240,0,2014
171245,0,2014
171250,0,2014
171270,0,2014
171280,0,2014
171320,5,2014
171330,1,2014
171360,0,2014
171370,0,2014
171380,0,2014
171395,0,2014
171420,0,2014
171430,0,2014
171488,1,2014
171500,0,2014
171510,0,2014
171515,0,2014
171525,0,2014
171550,0,2014
171570,0,2014
171575,0,2014
171610,6,2014
171620,0,2014
171630,3,2014
171650,0,2014
171660,0,2014
171665,2,2014
171670,1,2014
171700,0,2014
171720,1,2014
171750,1,2014
171780,1,2014
171790,0,2014
171800,0,2014
171820,0,2014
171830,0,2014
171840,1,2014
171845,1,2014
171850,0,2014
171855,0,2014
171865,0,2014
171870,0,2014
171875,0,2014
171880,7,2014
171884,0,2014
171886,2,2014
171888,0,2014
171889,0,2014
171890,2,2014
171900,0,2014
172000,0,2014
172010,1,2014
172015,0,2014
172020,1,2014
172025,0,2014
172030,0,2014
172049,0,2014
172065,0,2014
172080,0,2014
172085,0,2014
172090,1,2014
172093,0,2014
172097,0,2014
172100,15,2014
172110,2,2014
172120,1,2014
172125,0,2014
172130,0,2014
172208,0,2014
172210,4,2014
210005,4,2014
210010,1,2014
210015,0,2014
210020,1,2014
210030,3,2014
210040,2,2014
210043,4,2014
210047,0,2014
210050,0,2014
210055,0,2014
210060,9,2014
210070,0,2014
210080,1,2014
210083,0,2014
210087,1,2014
210090,0,2014
210095,0,2014
210100,0,2014
210110,0,2014
210120,7,2014
210125,6,2014
210130,0,2014
210135,0,2014
210140,6,2014
210150,1,2014
210160,23,2014
210170,4,2014
210173,1,2014
210177,1,2014
210180,0,2014
210190,0,2014
210193,0,2014
210197,0,2014
210200,0,2014
210203,1,2014
210207,0,2014
210210,0,2014
210215,0,2014
210220,1,2014
210230,6,2014
210232,3,2014
210235,3,2014
210237,0,2014
210240,0,2014
210250,0,2014
210255,1,2014
210260,0,2014
210270,1,2014
210275,2,2014
210280,1,2014
210290,0,2014
210300,40,2014
210310,3,2014
210312,0,2014
210315,0,2014
210317,0,2014
210320,6,2014
210325,0,2014
210330,29,2014
210340,23,2014
210350,7,2014
210355,0,2014
210360,7,2014
210370,0,2014
210375,1,2014
210380,2,2014
210390,5,2014
210400,2,2014
210405,1,2014
210407,0,2014
210408,0,2014
210409,0,2014
210410,0,2014
210420,1,2014
210430,0,2014
210440,1,2014
210450,3,2014
210455,2,2014
210460,2,2014
210462,1,2014
210465,1,2014
210467,1,2014
210470,0,2014
210480,14,2014
210490,3,2014
210500,1,2014
210510,0,2014
210515,0,2014
210520,1,2014
210530,10,2014
210535,0,2014
210540,3,2014
210542,1,2014
210545,0,2014
210547,1,2014
210550,0,2014
210560,0,2014
210565,0,2014
210570,2,2014
210580,0,2014
210590,1,2014
210592,0,2014
210594,0,2014
210596,0,2014
210598,0,2014
210600,1,2014
210610,0,2014
210620,0,2014
210630,0,2014
210632,0,2014
210635,0,2014
210637,0,2014
210640,0,2014
210650,0,2014
210660,18,2014
210663,1,2014
210667,0,2014
210670,0,2014
210675,2,2014
210680,0,2014
210690,0,2014
210700,0,2014
210710,1,2014
210720,0,2014
210725,0,2014
210730,0,2014
210735,0,2014
210740,0,2014
210745,0,2014
210750,6,2014
210760,0,2014
210770,1,2014
210780,11,2014
210790,3,2014
210800,1,2014
210805,1,2014
210810,0,2014
210820,3,2014
210825,0,2014
210830,0,2014
210840,0,2014
210845,3,2014
210850,0,2014
210860,1,2014
210870,3,2014
210880,0,2014
210890,0,2014
210900,0,2014
210905,0,2014
210910,0,2014
210920,0,2014
210923,0,2014
210927,0,2014
210930,0,2014
210940,0,2014
210945,3,2014
210950,10,2014
210955,0,2014
210960,8,2014
210970,0,2014
210975,0,2014
210980,0,2014
210990,13,2014
211000,13,2014
211003,1,2014
211010,0,2014
211020,9,2014
211023,0,2014
211027,1,2014
211030,0,2014
211040,0,2014
211050,0,2014
211060,0,2014
211065,0,2014
211070,7,2014
211080,0,2014
211085,0,2014
211090,0,2014
211100,0,2014
211102,0,2014
211105,0,2014
211107,7,2014
211110,3,2014
211120,18,2014
211125,0,2014
211130,44,2014
211140,2,2014
211150,3,2014
211153,0,2014
211157,0,2014
211160,0,2014
211163,0,2014
211167,2,2014
211170,0,2014
211172,0,2014
211174,2,2014
211176,4,2014
211178,0,2014
211180,1,2014
211190,0,2014
211195,0,2014
211200,0,2014
211210,9,2014
211220,15,2014
211223,0,2014
211227,0,2014
211230,0,2014
211240,1,2014
211245,0,2014
211250,4,2014
211260,2,2014
211270,3,2014
211280,0,2014
211285,0,2014
211290,0,2014
211300,2,2014
211400,14,2014
150010,1,2015
150013,0,2015
150020,6,2015
150030,0,2015
150034,0,2015
150040,0,2015
150050,0,2015
150060,0,2015
150070,0,2015
150080,0,2015
150085,0,2015
150090,0,2015
150095,0,2015
150100,0,2015
150110,0,2015
150120,2,2015
150125,0,2015
150130,4,2015
150140,2,2015
150145,0,2015
150150,0,2015
150157,0,2015
150160,0,2015
150170,0,2015
150172,0,2015
150175,0,2015
150178,0,2015
150180,0,2015
150190,5,2015
150195,0,2015
150200,2,2015
150210,23,2015
150215,1,2015
150220,0,2015
150230,1,2015
150240,1,2015
150250,0,2015
150260,0,2015
150270,16,2015
150275,0,2015
150276,2,2015
150277,1,2015
150280,0,2015
150285,0,2015
150290,0,2015
150293,4,2015
150295,0,2015
150300,0,2015
150304,1,2015
150307,3,2015
150309,0,2015
150310,0,2015
150320,0,2015
150330,13,2015
150340,0,2015
150345,0,2015
150350,0,2015
150360,0,2015
150370,0,2015
150375,0,2015
150380,0,2015
150390,0,2015
150400,0,2015
150405,1,2015
150410,0,2015
150420,38,2015
150430,0,2015
150440,0,2015
150442,0,2015
150445,1,2015
150450,0,2015
150460,4,2015
150470,9,2015
150475,0,2015
150480,0,2015
150490,0,2015
150495,1,2015
150497,0,2015
150500,0,2015
150503,0,2015
150506,0,2015
150510,0,2015
150520,3,2015
150530,0,2015
150540,0,2015
150543,0,2015
150548,0,2015
150549,0,2015
150550,1,2015
150553,4,2015
150555,0,2015
150560,0,2015
150563,0,2015
150565,0,2015
150570,0,2015
150580,0,2015
150590,0,2015
150600,0,2015
150610,0,2015
150611,0,2015
150613,80,2015
150616,0,2015
150618,0,2015
150619,0,2015
150620,0,2015
150630,0,2015
150635,0,2015
150640,0,2015
150650,1,2015
150655,0,2015
150658,0,2015
150660,0,2015
150670,1,2015
150680,0,2015
150690,0,2015
150700,0,2015
150710,0,2015
150715,0,2015
150720,6,2015
150730,1,2015
150740,0,2015
150745,11,2015
150746,0,2015
150747,0,2015
150750,0,2015
150760,0,2015
150770,0,2015
150775,0,2015
150780,0,2015
150790,0,2015
150795,2,2015
150796,0,2015
150797,0,2015
150800,11,2015
150803,0,2015
150805,0,2015
150808,2,2015
150810,0,2015
150812,1,2015
150815,0,2015
150820,0,2015
150830,0,2015
150835,0,2015
150840,0,2015
170025,0,2015
170030,4,2015
170035,0,2015
170040,0,2015
170070,1,2015
170100,2,2015
170105,1,2015
170110,1,2015
170130,1,2015
170190,0,2015
170200,0,2015
170210,42,2015
170215,0,2015
170220,4,2015
170230,0,2015
170240,1,2015
170255,2,2015
170270,1,2015
170290,1,2015
170300,0,2015
170305,0,2015
170307,0,2015
170310,0,2015
170320,0,2015
170330,0,2015
170360,0,2015
170370,1,2015
170380,3,2015
170382,0,2015
170384,0,2015
170386,0,2015
170388,0,2015
170389,2,2015
170390,0,2015
170410,0,2015
170460,0,2015
170510,0,2015
170550,7,2015
170555,1,2015
170560,0,2015
170600,2,2015
170610,1,2015
170625,1,2015
170650,1,2015
170700,2,2015
170710,1,2015
170720,0,2015
170730,0,2015
170740,0,2015
170755,0,2015
170765,0,2015
170770,1,2015
170820,1,2015
170825,0,2015
170830,0,2015
170900,0,2015
170930,3,2015
170950,3,2015
170980,0,2015
171050,0,2015
171070,0,2015
171090,0,2015
171110,1,2015
171150,0,2015
171180,2,2015
171190,0,2015
171195,0,2015
171200,1,2015
171215,0,2015
171240,0,2015
171245,0,2015
171250,0,2015
171270,0,2015
171280,0,2015
171320,0,2015
171330,2,2015
171360,2,2015
171370,0,2015
171380,1,2015
171395,0,2015
171420,1,2015
171430,1,2015
171488,3,2015
171500,0,2015
171510,0,2015
171515,0,2015
171525,0,2015
171550,0,2015
171570,0,2015
171575,0,2015
171610,10,2015
171620,1,2015
171630,1,2015
171650,1,2015
171660,0,2015
171665,0,2015
171670,3,2015
171700,1,2015
171720,0,2015
171750,1,2015
171780,0,2015
171790,0,2015
171800,0,2015
171820,10,2015
171830,0,2015
171840,0,2015
171845,0,2015
171850,0,2015
171855,0,2015
171865,0,2015
171870,0,2015
171875,0,2015
171880,1,2015
171884,0,2015
171886,1,2015
171888,0,2015
171889,1,2015
171890,0,2015
171900,0,2015
172000,0,2015
172010,3,2015
172015,0,2015
172020,4,2015
172025,0,2015
172030,0,2015
172049,0,2015
172065,1,2015
172080,1,2015
172085,0,2015
172090,0,2015
172093,0,2015
172097,0,2015
172100,22,2015
172110,2,2015
172120,5,2015
172125,1,2015
172130,0,2015
172208,2,2015
172210,8,2015
210005,8,2015
210010,0,2015
210015,0,2015
210020,4,2015
210030,3,2015
210040,0,2015
210043,2,2015
210047,1,2015
210050,0,2015
210055,0,2015
210060,8,2015
210070,0,2015
210080,0,2015
210083,0,2015
210087,0,2015
210090,0,2015
210095,0,2015
210100,0,2015
210110,0,2015
210120,4,2015
210125,10,2015
210130,1,2015
210135,0,2015
210140,8,2015
210150,7,2015
210160,14,2015
210170,4,2015
210173,0,2015
210177,1,2015
210180,0,2015
210190,1,2015
210193,0,2015
210197,0,2015
210200,0,2015
210203,2,2015
210207,0,2015
210210,0,2015
210215,0,2015
210220,0,2015
210230,9,2015
210232,7,2015
210235,0,2015
210237,0,2015
210240,1,2015
210250,0,2015
210255,0,2015
210260,0,2015
210270,0,2015
210275,0,2015
210280,0,2015
210290,0,2015
210300,23,2015
210310,1,2015
210312,0,2015
210315,0,2015
210317,0,2015
210320,1,2015
210325,1,2015
210330,25,2015
210340,15,2015
210350,4,2015
210355,0,2015
210360,5,2015
210370,0,2015
210375,0,2015
210380,1,2015
210390,2,2015
210400,2,2015
210405,1,2015
210407,0,2015
210408,0,2015
210409,1,2015
210410,0,2015
210420,2,2015
210430,1,2015
210440,0,2015
210450,2,2015
210455,3,2015
210460,1,2015
210462,0,2015
210465,0,2015
210467,0,2015
210470,0,2015
210480,15,2015
210490,1,2015
210500,1,2015
210510,0,2015
210515,4,2015
210520,3,2015
210530,20,2015
210535,0,2015
210540,5,2015
210542,0,2015
210545,0,2015
210547,0,2015
210550,0,2015
210560,0,2015
210565,0,2015
210570,5,2015
210580,0,2015
210590,0,2015
210592,0,2015
210594,0,2015
210596,0,2015
210598,0,2015
210600,4,2015
210610,0,2015
210620,0,2015
210630,1,2015
210632,0,2015
210635,0,2015
210637,1,2015
210640,0,2015
210650,0,2015
210660,12,2015
210663,1,2015
210667,0,2015
210670,1,2015
210675,1,2015
210680,0,2015
210690,5,2015
210700,0,2015
210710,1,2015
210720,0,2015
210725,0,2015
210730,0,2015
210735,0,2015
210740,0,2015
210745,0,2015
210750,12,2015
210760,0,2015
210770,1,2015
210780,4,2015
210790,0,2015
210800,2,2015
210805,2,2015
210810,2,2015
210820,10,2015
210825,0,2015
210830,0,2015
210840,0,2015
210845,1,2015
210850,2,2015
210860,0,2015
210870,1,2015
210880,1,2015
210890,1,2015
210900,7,2015
210905,0,2015
210910,2,2015
210920,0,2015
210923,0,2015
210927,1,2015
210930,1,2015
210940,0,2015
210945,3,2015
210950,6,2015
210955,1,2015
210960,5,2015
210970,0,2015
210975,0,2015
210980,0,2015
210990,11,2015
211000,4,2015
211003,0,2015
211010,0,2015
211020,8,2015
211023,0,2015
211027,0,2015
211030,1,2015
211040,0,2015
211050,0,2015
211060,1,2015
211065,0,2015
211070,1,2015
211080,0,2015
211085,0,2015
211090,0,2015
211100,0,2015
211102,0,2015
211105,3,2015
211107,4,2015
211110,5,2015
211120,18,2015
211125,0,2015
211130,78,2015
211140,3,2015
211150,10,2015
211153,0,2015
211157,0,2015
211160,0,2015
211163,0,2015
211167,0,2015
211170,0,2015
211172,0,2015
211174,0,2015
211176,1,2015
211178,0,2015
211180,0,2015
211190,0,2015
211195,0,2015
211200,0,2015
211210,12,2015
211220,11,2015
211223,0,2015
211227,0,2015
211230,2,2015
211240,1,2015
211245,0,2015
211250,3,2015
211260,1,2015
211270,3,2015
211280,0,2015
211285,1,2015
211290,0,2015
211300,0,2015
211400,14,2015
150010,9,2016
150013,0,2016
150020,9,2016
150030,0,2016
150034,0,2016
150040,0,2016
150050,0,2016
150060,1,2016
150070,0,2016
150080,1,2016
150085,1,2016
150090,0,2016
150095,1,2016
150100,0,2016
150110,0,2016
150120,3,2016
150125,0,2016
150130,4,2016
150140,1,2016
150145,1,2016
150150,1,2016
150157,0,2016
150160,0,2016
150170,2,2016
150172,0,2016
150175,0,2016
150178,2,2016
150180,0,2016
150190,7,2016
150195,0,2016
150200,1,2016
150210,16,2016
150215,1,2016
150220,0,2016
150230,0,2016
150240,0,2016
150250,0,2016
150260,0,2016
150270,9,2016
150275,1,2016
150276,0,2016
150277,0,2016
150280,0,2016
150285,0,2016
150290,0,2016
150293,4,2016
150295,2,2016
150300,0,2016
150304,1,2016
150307,4,2016
150309,0,2016
150310,0,2016
150320,0,2016
150330,15,2016
150340,0,2016
150345,1,2016
150350,0,2016
150360,0,2016
150370,0,2016
150375,0,2016
150380,2,2016
150390,2,2016
150400,0,2016
150405,0,2016
150410,0,2016
150420,88,2016
150430,0,2016
150440,0,2016
150442,0,2016
150445,0,2016
150450,0,2016
150460,1,2016
150470,3,2016
150475,0,2016
150480,0,2016
150490,1,2016
150495,1,2016
150497,2,2016
150500,0,2016
150503,0,2016
150506,2,2016
150510,0,2016
150520,13,2016
150530,0,2016
150540,0,2016
150543,1,2016
150548,0,2016
150549,0,2016
150550,2,2016
150553,1,2016
150555,1,2016
150560,0,2016
150563,1,2016
150565,0,2016
150570,2,2016
150580,0,2016
150590,0,2016
150600,0,2016
150610,0,2016
150611,0,2016
150613,65,2016
150616,0,2016
150618,0,2016
150619,0,2016
150620,0,2016
150630,1,2016
150635,0,2016
150640,0,2016
150650,1,2016
150655,0,2016
150658,2,2016
150660,0,2016
150670,0,2016
150680,11,2016
150690,0,2016
150700,0,2016
150710,0,2016
150715,7,2016
150720,1,2016
150730,0,2016
150740,0,2016
150745,9,2016
150746,0,2016
150747,0,2016
150750,1,2016
150760,0,2016
150770,0,2016
150775,0,2016
150780,0,2016
150790,0,2016
150795,4,2016
150796,0,2016
150797,0,2016
150800,7,2016
150803,0,2016
150805,0,2016
150808,0,2016
150810,1,2016
150812,0,2016
150815,0,2016
150820,0,2016
150830,0,2016
150835,0,2016
150840,0,2016
170025,0,2016
170030,2,2016
170035,0,2016
170040,0,2016
170070,0,2016
170100,1,2016
170105,0,2016
170110,0,2016
170130,2,2016
170190,0,2016
170200,0,2016
170210,47,2016
170215,4,2016
170220,8,2016
170230,0,2016
170240,3,2016
170255,6,2016
170270,0,2016
170290,3,2016
170300,1,2016
170305,2,2016
170307,1,2016
170310,0,2016
170320,0,2016
170330,1,2016
170360,0,2016
170370,0,2016
170380,0,2016
170382,0,2016
170384,2,2016
170386,0,2016
170388,2,2016
170389,1,2016
170390,0,2016
170410,0,2016
170460,1,2016
170510,1,2016
170550,9,2016
170555,1,2016
170560,1,2016
170600,4,2016
170610,1,2016
170625,0,2016
170650,4,2016
170700,3,2016
170710,2,2016
170720,2,2016
170730,0,2016
170740,1,2016
170755,0,2016
170765,0,2016
170770,1,2016
170820,1,2016
170825,0,2016
170830,1,2016
170900,2,2016
170930,2,2016
170950,4,2016
170980,0,2016
171050,0,2016
171070,3,2016
171090,1,2016
171110,0,2016
171150,0,2016
171180,0,2016
171190,0,2016
171195,0,2016
171200,0,2016
171215,0,2016
171240,0,2016
171245,0,2016
171250,0,2016
171270,0,2016
171280,0,2016
171320,1,2016
171330,1,2016
171360,2,2016
171370,0,2016
171380,0,2016
171395,0,2016
171420,1,2016
171430,0,2016
171488,2,2016
171500,0,2016
171510,0,2016
171515,0,2016
171525,0,2016
171550,0,2016
171570,0,2016
171575,0,2016
171610,7,2016
171620,0,2016
171630,3,2016
171650,2,2016
171660,0,2016
171665,1,2016
171670,3,2016
171700,0,2016
171720,0,2016
171750,0,2016
171780,0,2016
171790,1,2016
171800,0,2016
171820,7,2016
171830,3,2016
171840,0,2016
171845,0,2016
171850,0,2016
171855,1,2016
171865,0,2016
171870,0,2016
171875,0,2016
171880,0,2016
171884,0,2016
171886,1,2016
171888,0,2016
171889,0,2016
171890,0,2016
171900,1,2016
172000,1,2016
172010,0,2016
172015,0,2016
172020,0,2016
172025,0,2016
172030,0,2016
172049,0,2016
172065,1,2016
172080,1,2016
172085,0,2016
172090,1,2016
172093,0,2016
172097,0,2016
172100,14,2016
172110,2,2016
172120,12,2016
172125,0,2016
172130,0,2016
172208,2,2016
172210,6,2016
210005,13,2016
210010,0,2016
210015,1,2016
210020,3,2016
210030,1,2016
210040,0,2016
210043,1,2016
210047,2,2016
210050,0,2016
210055,0,2016
210060,9,2016
210070,0,2016
210080,0,2016
210083,0,2016
210087,1,2016
210090,2,2016
210095,3,2016
210100,0,2016
210110,0,2016
210120,10,2016
210125,1,2016
210130,0,2016
210135,0,2016
210140,17,2016
210150,3,2016
210160,19,2016
210170,2,2016
210173,0,2016
210177,1,2016
210180,0,2016
210190,0,2016
210193,0,2016
210197,0,2016
210200,2,2016
210203,8,2016
210207,0,2016
210210,2,2016
210215,1,2016
210220,1,2016
210230,16,2016
210232,7,2016
210235,1,2016
210237,0,2016
210240,1,2016
210250,0,2016
210255,2,2016
210260,1,2016
210270,2,2016
210275,1,2016
210280,1,2016
210290,0,2016
210300,21,2016
210310,0,2016
210312,0,2016
210315,1,2016
210317,0,2016
210320,15,2016
210325,1,2016
210330,21,2016
210340,13,2016
210350,6,2016
210355,0,2016
210360,7,2016
210370,1,2016
210375,2,2016
210380,10,2016
210390,3,2016
210400,4,2016
210405,5,2016
210407,0,2016
210408,2,2016
210409,1,2016
210410,1,2016
210420,7,2016
210430,0,2016
210440,1,2016
210450,1,2016
210455,3,2016
210460,0,2016
210462,0,2016
210465,1,2016
210467,1,2016
210470,0,2016
210480,11,2016
210490,1,2016
210500,0,2016
210510,0,2016
210515,2,2016
210520,1,2016
210530,24,2016
210535,1,2016
210540,10,2016
210542,0,2016
210545,1,2016
210547,3,2016
210550,5,2016
210560,0,2016
210565,0,2016
210570,2,2016
210580,0,2016
210590,2,2016
210592,1,2016
210594,1,2016
210596,0,2016
210598,0,2016
210600,4,2016
210610,0,2016
210620,0,2016
210630,0,2016
210632,0,2016
210635,0,2016
210637,0,2016
210640,2,2016
210650,0,2016
210660,3,2016
210663,3,2016
210667,0,2016
210670,0,2016
210675,5,2016
210680,0,2016
210690,5,2016
210700,0,2016
210710,3,2016
210720,1,2016
210725,0,2016
210730,0,2016
210735,0,2016
210740,5,2016
210745,0,2016
210750,6,2016
210760,0,2016
210770,3,2016
210780,4,2016
210790,1,2016
210800,1,2016
210805,2,2016
210810,5,2016
210820,3,2016
210825,0,2016
210830,1,2016
210840,0,2016
210845,6,2016
210850,1,2016
210860,0,2016
210870,3,2016
210880,0,2016
210890,0,2016
210900,4,2016
210905,0,2016
210910,6,2016
210920,1,2016
210923,0,2016
210927,0,2016
210930,0,2016
210940,0,2016
210945,4,2016
210950,2,2016
210955,3,2016
210960,6,2016
210970,0,2016
210975,0,2016
210980,1,2016
210990,17,2016
211000,11,2016
211003,0,2016
211010,0,2016
211020,4,2016
211023,0,2016
211027,0,2016
211030,1,2016
211040,1,2016
211050,0,2016
211060,0,2016
211065,0,2016
211070,7,2016
211080,0,2016
211085,1,2016
211090,0,2016
211100,0,2016
211102,0,2016
211105,0,2016
211107,6,2016
211110,4,2016
211120,18,2016
211125,0,2016
211130,86,2016
211140,3,2016
211150,3,2016
211153,2,2016
211157,0,2016
211160,0,2016
211163,0,2016
211167,0,2016
211170,0,2016
211172,2,2016
211174,2,2016
211176,7,2016
211178,0,2016
211180,2,2016
211190,0,2016
211195,0,2016
211200,0,2016
211210,2,2016
211220,12,2016
211223,0,2016
211227,1,2016
211230,3,2016
211240,1,2016
211245,0,2016
211250,3,2016
211260,1,2016
211270,0,2016
211280,0,2016
211285,3,2016
211290,4,2016
211300,1,2016
211400,14,2016
150010,7,2017
150013,0,2017
150020,11,2017
150030,0,2017
150034,0,2017
150040,0,2017
150050,0,2017
150060,0,2017
150070,0,2017
150080,0,2017
150085,0,2017
150090,0,2017
150095,2,2017
150100,0,2017
150110,1,2017
150120,7,2017
150125,1,2017
150130,4,2017
150140,1,2017
150145,2,2017
150150,0,2017
150157,1,2017
150160,0,2017
150170,0,2017
150172,0,2017
150175,0,2017
150178,2,2017
150180,0,2017
150190,9,2017
150195,0,2017
150200,0,2017
150210,14,2017
150215,8,2017
150220,0,2017
150230,0,2017
150240,1,2017
150250,0,2017
150260,0,2017
150270,17,2017
150275,0,2017
150276,0,2017
150277,3,2017
150280,0,2017
150285,0,2017
150290,0,2017
150293,3,2017
150295,81,2017
150300,0,2017
150304,0,2017
150307,1,2017
150309,0,2017
150310,0,2017
150320,0,2017
150330,9,2017
150340,0,2017
150345,1,2017
150350,0,2017
150360,1,2017
150370,0,2017
150375,0,2017
150380,1,2017
150390,1,2017
150400,1,2017
150405,0,2017
150410,0,2017
150420,82,2017
150430,0,2017
150440,0,2017
150442,1,2017
150445,0,2017
150450,0,2017
150460,10,2017
150470,13,2017
150475,0,2017
150480,0,2017
150490,0,2017
150495,0,2017
150497,0,2017
150500,0,2017
150503,1,2017
150506,1,2017
150510,0,2017
150520,9,2017
150530,0,2017
150540,0,2017
150543,1,2017
150548,0,2017
150549,0,2017
150550,3,2017
150553,16,2017
150555,11,2017
150560,0,2017
150563,0,2017
150565,0,2017
150570,6,2017
150580,0,2017
150590,0,2017
150600,0,2017
150610,0,2017
150611,0,2017
150613,68,2017
150616,2,2017
150618,1,2017
150619,1,2017
150620,0,2017
150630,2,2017
150635,1,2017
150640,0,2017
150650,0,2017
150655,1,2017
150658,2,2017
150660,0,2017
150670,2,2017
150680,1,2017
150690,0,2017
150700,0,2017
150710,0,2017
150715,17,2017
150720,16,2017
150730,2,2017
150740,0,2017
150745,9,2017
150746,0,2017
150747,0,2017
150750,4,2017
150760,2,2017
150770,0,2017
150775,0,2017
150780,0,2017
150790,0,2017
150795,4,2017
150796,0,2017
150797,0,2017
150800,19,2017
150803,0,2017
150805,0,2017
150808,1,2017
150810,0,2017
150812,0,2017
150815,0,2017
150820,0,2017
150830,0,2017
150835,0,2017
150840,12,2017
170025,0,2017
170030,0,2017
170035,0,2017
170040,1,2017
170070,0,2017
170100,3,2017
170105,0,2017
170110,0,2017
170130,2,2017
170190,0,2017
170200,0,2017
170210,40,2017
170215,1,2017
170220,1,2017
170230,0,2017
170240,2,2017
170255,3,2017
170270,0,2017
170290,0,2017
170300,2,2017
170305,0,2017
170307,0,2017
170310,2,2017
170320,1,2017
170330,0,2017
170360,0,2017
170370,1,2017
170380,2,2017
170382,0,2017
170384,1,2017
170386,1,2017
170388,3,2017
170389,1,2017
170390,0,2017
170410,0,2017
170460,0,2017
170510,0,2017
170550,10,2017
170555,0,2017
170560,1,2017
170600,0,2017
170610,1,2017
170625,0,2017
170650,8,2017
170700,1,2017
170710,1,2017
170720,0,2017
170730,1,2017
170740,3,2017
170755,0,2017
170765,0,2017
170770,0,2017
170820,1,2017
170825,0,2017
170830,0,2017
170900,0,2017
170930,4,2017
170950,21,2017
170980,0,2017
171050,1,2017
171070,0,2017
171090,0,2017
171110,1,2017
171150,1,2017
171180,0,2017
171190,0,2017
171195,0,2017
171200,2,2017
171215,0,2017
171240,0,2017
171245,1,2017
171250,1,2017
171270,0,2017
171280,0,2017
171320,5,2017
171330,6,2017
171360,0,2017
171370,1,2017
171380,0,2017
171395,0,2017
171420,1,2017
171430,1,2017
171488,2,2017
171500,0,2017
171510,0,2017
171515,0,2017
171525,0,2017
171550,0,2017
171570,0,2017
171575,0,2017
171610,4,2017
171620,2,2017
171630,2,2017
171650,1,2017
171660,0,2017
171665,1,2017
171670,0,2017
171700,0,2017
171720,0,2017
171750,0,2017
171780,0,2017
171790,0,2017
171800,0,2017
171820,15,2017
171830,0,2017
171840,0,2017
171845,0,2017
171850,0,2017
171855,0,2017
171865,0,2017
171870,0,2017
171875,0,2017
171880,0,2017
171884,0,2017
171886,1,2017
171888,0,2017
171889,0,2017
171890,0,2017
171900,0,2017
172000,0,2017
172010,1,2017
172015,0,2017
172020,1,2017
172025,1,2017
172030,0,2017
172049,0,2017
172065,1,2017
172080,0,2017
172085,0,2017
172090,2,2017
172093,0,2017
172097,0,2017
172100,33,2017
172110,0,2017
172120,11,2017
172125,0,2017
172130,0,2017
172208,0,2017
172210,2,2017
210005,13,2017
210010,0,2017
210015,0,2017
210020,5,2017
210030,13,2017
210040,0,2017
210043,2,2017
210047,0,2017
210050,0,2017
210055,0,2017
210060,7,2017
210070,0,2017
210080,1,2017
210083,0,2017
210087,6,2017
210090,4,2017
210095,5,2017
210100,1,2017
210110,0,2017
210120,6,2017
210125,3,2017
210130,0,2017
210135,0,2017
210140,23,2017
210150,7,2017
210160,42,2017
210170,3,2017
210173,0,2017
210177,0,2017
210180,0,2017
210190,0,2017
210193,0,2017
210197,0,2017
210200,8,2017
210203,11,2017
210207,0,2017
210210,0,2017
210215,0,2017
210220,1,2017
210230,10,2017
210232,8,2017
210235,0,2017
210237,0,2017
210240,0,2017
210250,0,2017
210255,1,2017
210260,0,2017
210270,1,2017
210275,3,2017
210280,1,2017
210290,1,2017
210300,20,2017
210310,1,2017
210312,0,2017
210315,0,2017
210317,0,2017
210320,27,2017
210325,0,2017
210330,18,2017
210340,8,2017
210350,5,2017
210355,0,2017
210360,6,2017
210370,0,2017
210375,1,2017
210380,1,2017
210390,8,2017
210400,4,2017
210405,2,2017
210407,0,2017
210408,0,2017
210409,2,2017
210410,0,2017
210420,2,2017
210430,0,2017
210440,2,2017
210450,2,2017
210455,1,2017
210460,2,2017
210462,1,2017
210465,1,2017
210467,0,2017
210470,0,2017
210480,35,2017
210490,1,2017
210500,0,2017
210510,1,2017
210515,1,2017
210520,1,2017
210530,13,2017
210535,3,2017
210540,7,2017
210542,0,2017
210545,0,2017
210547,17,2017
210550,5,2017
210560,4,2017
210565,0,2017
210570,4,2017
210580,0,2017
210590,5,2017
210592,1,2017
210594,0,2017
210596,0,2017
210598,0,2017
210600,2,2017
210610,0,2017
210620,0,2017
210630,0,2017
210632,0,2017
210635,1,2017
210637,1,2017
210640,2,2017
210650,0,2017
210660,5,2017
210663,0,2017
210667,1,2017
210670,6,2017
210675,1,2017
210680,0,2017
210690,4,2017
210700,0,2017
210710,0,2017
210720,0,2017
210725,0,2017
210730,0,2017
210735,2,2017
210740,1,2017
210745,0,2017
210750,8,2017
210760,0,2017
210770,5,2017
210780,6,2017
210790,9,2017
210800,5,2017
210805,0,2017
210810,2,2017
210820,1,2017
210825,1,2017
210830,0,2017
210840,0,2017
210845,3,2017
210850,5,2017
210860,0,2017
210870,0,2017
210880,2,2017
210890,0,2017
210900,1,2017
210905,0,2017
210910,5,2017
210920,1,2017
210923,0,2017
210927,0,2017
210930,1,2017
210940,0,2017
210945,6,2017
210950,5,2017
210955,2,2017
210960,9,2017
210970,0,2017
210975,0,2017
210980,0,2017
210990,13,2017
211000,5,2017
211003,0,2017
211010,0,2017
211020,6,2017
211023,0,2017
211027,0,2017
211030,2,2017
211040,0,2017
211050,0,2017
211060,2,2017
211065,1,2017
211070,6,2017
211080,0,2017
211085,1,2017
211090,0,2017
211100,1,2017
211102,0,2017
211105,1,2017
211107,3,2017
211110,13,2017
211120,20,2017
211125,0,2017
211130,52,2017
211140,1,2017
211150,7,2017
211153,4,2017
211157,0,2017
211160,2,2017
211163,0,2017
211167,2,2017
211170,0,2017
211172,1,2017
211174,2,2017
211176,5,2017
211178,0,2017
211180,1,2017
211190,3,2017
211195,1,2017
211200,0,2017
211210,6,2017
211220,21,2017
211223,2,2017
211227,0,2017
211230,3,2017
211240,0,2017
211245,0,2017
211250,0,2017
211260,2,2017
211270,9,2017
211280,0,2017
211285,2,2017
211290,3,2017
211300,2,2017
211400,8,2017
150010,5,2018
150013,0,2018
150020,14,2018
150030,0,2018
150034,0,2018
150040,0,2018
150050,0,2018
150060,0,2018
150070,0,2018
150080,0,2018
150085,0,2018
150090,1,2018
150095,1,2018
150100,0,2018
150110,0,2018
150120,4,2018
150125,0,2018
150130,7,2018
150140,1,2018
150145,1,2018
150150,0,2018
150157,3,2018
150160,0,2018
150170,0,2018
150172,0,2018
150175,3,2018
150178,1,2018
150180,0,2018
150190,3,2018
150195,0,2018
150200,1,2018
150210,22,2018
150215,47,2018
150220,0,2018
150230,0,2018
150240,1,2018
150250,0,2018
150260,0,2018
150270,7,2018
150275,4,2018
150276,0,2018
150277,16,2018
150280,0,2018
150285,0,2018
150290,0,2018
150293,5,2018
150295,51,2018
150300,0,2018
150304,13,2018
150307,5,2018
150309,1,2018
150310,0,2018
150320,0,2018
150330,4,2018
150340,0,2018
150345,2,2018
150350,0,2018
150360,0,2018
150370,3,2018
150375,0,2018
150380,0,2018
150390,1,2018
150400,1,2018
150405,0,2018
150410,0,2018
150420,33,2018
150430,0,2018
150440,0,2018
150442,0,2018
150445,0,2018
150450,0,2018
150460,1,2018
150470,13,2018
150475,0,2018
150480,1,2018
150490,0,2018
150495,1,2018
150497,2,2018
150500,0,2018
150503,0,2018
150506,4,2018
150510,0,2018
150520,12,2018
150530,0,2018
150540,0,2018
150543,0,2018
150548,0,2018
150549,1,2018
150550,3,2018
150553,67,2018
150555,1,2018
150560,0,2018
150563,2,2018
150565,0,2018
150570,3,2018
150580,0,2018
150590,0,2018
150600,0,2018
150610,0,2018
150611,0,2018
150613,30,2018
150616,13,2018
150618,0,2018
150619,0,2018
150620,0,2018
150630,2,2018
150635,0,2018
150640,0,2018
150650,1,2018
150655,0,2018
150658,3,2018
150660,0,2018
150670,0,2018
150680,8,2018
150690,0,2018
150700,0,2018
150710,0,2018
150715,7,2018
150720,9,2018
150730,2,2018
150740,0,2018
150745,10,2018
150746,0,2018
150747,0,2018
150750,3,2018
150760,1,2018
150770,0,2018
150775,0,2018
150780,0,2018
150790,0,2018
150795,2,2018
150796,0,2018
150797,0,2018
150800,14,2018
150803,0,2018
150805,0,2018
150808,1,2018
150810,2,2018
150812,3,2018
150815,0,2018
150820,0,2018
150830,0,2018
150835,1,2018
150840,19,2018
170025,1,2018
170030,0,2018
170035,1,2018
170040,0,2018
170070,0,2018
170100,4,2018
170105,2,2018
170110,0,2018
170130,0,2018
170190,0,2018
170200,1,2018
170210,33,2018
170215,5,2018
170220,2,2018
170230,1,2018
170240,0,2018
170255,3,2018
170270,0,2018
170290,1,2018
170300,2,2018
170305,0,2018
170307,0,2018
170310,0,2018
170320,0,2018
170330,0,2018
170360,0,2018
170370,1,2018
170380,3,2018
170382,0,2018
170384,0,2018
170386,0,2018
170388,4,2018
170389,0,2018
170390,0,2018
170410,0,2018
170460,0,2018
170510,1,2018
170550,6,2018
170555,0,2018
170560,1,2018
170600,4,2018
170610,0,2018
170625,0,2018
170650,1,2018
170700,0,2018
170710,2,2018
170720,2,2018
170730,0,2018
170740,3,2018
170755,0,2018
170765,0,2018
170770,0,2018
170820,1,2018
170825,0,2018
170830,1,2018
170900,3,2018
170930,0,2018
170950,16,2018
170980,0,2018
171050,1,2018
171070,4,2018
171090,0,2018
171110,0,2018
171150,0,2018
171180,0,2018
171190,0,2018
171195,0,2018
171200,0,2018
171215,0,2018
171240,1,2018
171245,0,2018
171250,0,2018
171270,1,2018
171280,2,2018
171320,11,2018
171330,2,2018
171360,1,2018
171370,1,2018
171380,1,2018
171395,2,2018
171420,0,2018
171430,0,2018
171488,1,2018
171500,0,2018
171510,0,2018
171515,0,2018
171525,0,2018
171550,0,2018
171570,0,2018
171575,0,2018
171610,10,2018
171620,0,2018
171630,1,2018
171650,0,2018
171660,0,2018
171665,1,2018
171670,0,2018
171700,0,2018
171720,0,2018
171750,0,2018
171780,0,2018
171790,1,2018
171800,0,2018
171820,12,2018
171830,1,2018
171840,1,2018
171845,1,2018
171850,0,2018
171855,1,2018
171865,0,2018
171870,0,2018
171875,0,2018
171880,1,2018
171884,0,2018
171886,0,2018
171888,0,2018
171889,0,2018
171890,0,2018
171900,0,2018
172000,0,2018
172010,0,2018
172015,0,2018
172020,3,2018
172025,1,2018
172030,1,2018
172049,1,2018
172065,1,2018
172080,1,2018
172085,0,2018
172090,0,2018
172093,0,2018
172097,0,2018
172100,35,2018
172110,1,2018
172120,9,2018
172125,0,2018
172130,0,2018
172208,2,2018
172210,2,2018
210005,13,2018
210010,1,2018
210015,1,2018
210020,4,2018
210030,3,2018
210040,0,2018
210043,1,2018
210047,1,2018
210050,0,2018
210055,0,2018
210060,8,2018
210070,1,2018
210080,2,2018
210083,0,2018
210087,3,2018
210090,0,2018
210095,3,2018
210100,2,2018
210110,2,2018
210120,3,2018
210125,3,2018
210130,0,2018
210135,0,2018
210140,10,2018
210150,0,2018
210160,25,2018
210170,1,2018
210173,0,2018
210177,1,2018
210180,1,2018
210190,1,2018
210193,0,2018
210197,0,2018
210200,3,2018
210203,7,2018
210207,3,2018
210210,1,2018
210215,0,2018
210220,3,2018
210230,6,2018
210232,15,2018
210235,9,2018
210237,0,2018
210240,0,2018
210250,1,2018
210255,0,2018
210260,0,2018
210270,3,2018
210275,3,2018
210280,3,2018
210290,0,2018
210300,14,2018
210310,0,2018
210312,0,2018
210315,0,2018
210317,1,2018
210320,32,2018
210325,1,2018
210330,15,2018
210340,7,2018
210350,9,2018
210355,0,2018
210360,3,2018
210370,1,2018
210375,2,2018
210380,2,2018
210390,1,2018
210400,3,2018
210405,6,2018
210407,0,2018
210408,3,2018
210409,0,2018
210410,1,2018
210420,1,2018
210430,0,2018
210440,3,2018
210450,1,2018
210455,4,2018
210460,2,2018
210462,0,2018
210465,3,2018
210467,1,2018
210470,0,2018
210480,20,2018
210490,1,2018
210500,3,2018
210510,0,2018
210515,4,2018
210520,0,2018
210530,16,2018
210535,0,2018
210540,14,2018
210542,1,2018
210545,2,2018
210547,0,2018
210550,1,2018
210560,3,2018
210565,1,2018
210570,4,2018
210580,0,2018
210590,1,2018
210592,0,2018
210594,0,2018
210596,0,2018
210598,1,2018
210600,3,2018
210610,0,2018
210620,0,2018
210630,0,2018
210632,3,2018
210635,0,2018
210637,0,2018
210640,0,2018
210650,0,2018
210660,7,2018
210663,1,2018
210667,0,2018
210670,1,2018
210675,5,2018
210680,1,2018
210690,3,2018
210700,0,2018
210710,5,2018
210720,2,2018
210725,0,2018
210730,0,2018
210735,3,2018
210740,0,2018
210745,0,2018
210750,13,2018
210760,1,2018
210770,4,2018
210780,7,2018
210790,13,2018
210800,1,2018
210805,0,2018
210810,3,2018
210820,3,2018
210825,0,2018
210830,1,2018
210840,0,2018
210845,5,2018
210850,0,2018
210860,1,2018
210870,0,2018
210880,1,2018
210890,1,2018
210900,11,2018
210905,0,2018
210910,2,2018
210920,2,2018
210923,0,2018
210927,0,2018
210930,1,2018
210940,0,2018
210945,2,2018
210950,6,2018
210955,0,2018
210960,5,2018
210970,1,2018
210975,0,2018
210980,0,2018
210990,6,2018
211000,4,2018
211003,1,2018
211010,1,2018
211020,5,2018
211023,0,2018
211027,1,2018
211030,0,2018
211040,0,2018
211050,0,2018
211060,0,2018
211065,0,2018
211070,11,2018
211080,0,2018
211085,0,2018
211090,0,2018
211100,2,2018
211102,0,2018
211105,1,2018
211107,3,2018
211110,4,2018
211120,21,2018
211125,1,2018
211130,56,2018
211140,5,2018
211150,5,2018
211153,3,2018
211157,0,2018
211160,1,2018
211163,1,2018
211167,0,2018
211170,0,2018
211172,0,2018
211174,3,2018
211176,1,2018
211178,0,2018
211180,0,2018
211190,1,2018
211195,1,2018
211200,0,2018
211210,4,2018
211220,10,2018
211223,5,2018
211227,0,2018
211230,1,2018
211240,0,2018
211245,0,2018
211250,9,2018
211260,1,2018
211270,12,2018
211280,1,2018
211285,1,2018
211290,2,2018
211300,2,2018
211400,14,2018
150010,5,2019
150013,0,2019
150020,5,2019
150030,0,2019
150034,0,2019
150040,1,2019
150050,0,2019
150060,0,2019
150070,0,2019
150080,1,2019
150085,2,2019
150090,0,2019
150095,2,2019
150100,0,2019
150110,1,2019
150120,0,2019
150125,1,2019
150130,2,2019
150140,2,2019
150145,1,2019
150150,0,2019
150157,2,2019
150160,0,2019
150170,0,2019
150172,0,2019
150175,0,2019
150178,2,2019
150180,0,2019
150190,4,2019
150195,0,2019
150200,1,2019
150210,9,2019
150215,14,2019
150220,0,2019
150230,1,2019
150240,1,2019
150250,0,2019
150260,0,2019
150270,4,2019
150275,4,2019
150276,0,2019
150277,6,2019
150280,0,2019
150285,0,2019
150290,0,2019
150293,6,2019
150295,16,2019
150300,0,2019
150304,5,2019
150307,1,2019
150309,2,2019
150310,0,2019
150320,2,2019
150330,7,2019
150340,0,2019
150345,1,2019
150350,1,2019
150360,0,2019
150370,3,2019
150375,0,2019
150380,1,2019
150390,0,2019
150400,2,2019
150405,1,2019
150410,0,2019
150420,39,2019
150430,0,2019
150440,0,2019
150442,0,2019
150445,0,2019
150450,0,2019
150460,2,2019
150470,6,2019
150475,0,2019
150480,1,2019
150490,0,2019
150495,0,2019
150497,0,2019
150500,0,2019
150503,0,2019
150506,9,2019
150510,0,2019
150520,2,2019
150530,0,2019
150540,0,2019
150543,5,2019
150548,1,2019
150549,2,2019
150550,3,2019
150553,59,2019
150555,2,2019
150560,0,2019
150563,4,2019
150565,0,2019
150570,0,2019
150580,1,2019
150590,0,2019
150600,1,2019
150610,0,2019
150611,0,2019
150613,10,2019
150616,0,2019
150618,2,2019
150619,1,2019
150620,0,2019
150630,0,2019
150635,0,2019
150640,0,2019
150650,0,2019
150655,0,2019
150658,3,2019
150660,1,2019
150670,0,2019
150680,6,2019
150690,0,2019
150700,0,2019
150710,0,2019
150715,0,2019
150720,1,2019
150730,2,2019
150740,0,2019
150745,4,2019
150746,0,2019
150747,0,2019
150750,0,2019
150760,0,2019
150770,0,2019
150775,0,2019
150780,0,2019
150790,1,2019
150795,2,2019
150796,0,2019
150797,0,2019
150800,10,2019
150803,0,2019
150805,0,2019
150808,0,2019
150810,0,2019
150812,1,2019
150815,0,2019
150820,0,2019
150830,0,2019
150835,1,2019
150840,5,2019
170025,1,2019
170030,0,2019
170035,1,2019
170040,0,2019
170070,0,2019
170100,0,2019
170105,0,2019
170110,0,2019
170130,1,2019
170190,2,2019
170200,1,2019
170210,27,2019
170215,0,2019
170220,3,2019
170230,0,2019
170240,0,2019
170255,1,2019
170270,0,2019
170290,2,2019
170300,2,2019
170305,0,2019
170307,0,2019
170310,2,2019
170320,0,2019
170330,0,2019
170360,0,2019
170370,0,2019
170380,0,2019
170382,0,2019
170384,0,2019
170386,0,2019
170388,1,2019
170389,2,2019
170390,0,2019
170410,0,2019
170460,0,2019
170510,0,2019
170550,3,2019
170555,0,2019
170560,0,2019
170600,0,2019
170610,0,2019
170625,0,2019
170650,1,2019
170700,2,2019
170710,0,2019
170720,2,2019
170730,0,2019
170740,1,2019
170755,0,2019
170765,0,2019
170770,2,2019
170820,1,2019
170825,0,2019
170830,1,2019
170900,2,2019
170930,3,2019
170950,6,2019
170980,0,2019
171050,2,2019
171070,2,2019
171090,0,2019
171110,0,2019
171150,1,2019
171180,0,2019
171190,0,2019
171195,0,2019
171200,1,2019
171215,0,2019
171240,1,2019
171245,0,2019
171250,0,2019
171270,1,2019
171280,0,2019
171320,4,2019
171330,1,2019
171360,1,2019
171370,0,2019
171380,0,2019
171395,2,2019
171420,0,2019
171430,1,2019
171488,3,2019
171500,0,2019
171510,0,2019
171515,0,2019
171525,0,2019
171550,0,2019
171570,0,2019
171575,0,2019
171610,11,2019
171620,1,2019
171630,2,2019
171650,1,2019
171660,0,2019
171665,2,2019
171670,0,2019
171700,0,2019
171720,0,2019
171750,1,2019
171780,0,2019
171790,0,2019
171800,0,2019
171820,9,2019
171830,0,2019
171840,0,2019
171845,0,2019
171850,0,2019
171855,1,2019
171865,0,2019
171870,0,2019
171875,0,2019
171880,1,2019
171884,0,2019
171886,3,2019
171888,0,2019
171889,0,2019
171890,0,2019
171900,0,2019
172000,0,2019
172010,2,2019
172015,2,2019
172020,1,2019
172025,0,2019
172030,0,2019
172049,1,2019
172065,0,2019
172080,2,2019
172085,0,2019
172090,0,2019
172093,0,2019
172097,0,2019
172100,25,2019
172110,2,2019
172120,4,2019
172125,0,2019
172130,0,2019
172208,0,2019
172210,3,2019
210005,14,2019
210010,0,2019
210015,0,2019
210020,2,2019
210030,3,2019
210040,0,2019
210043,3,2019
210047,1,2019
210050,0,2019
210055,1,2019
210060,5,2019
210070,1,2019
210080,0,2019
210083,0,2019
210087,0,2019
210090,0,2019
210095,2,2019
210100,1,2019
210110,0,2019
210120,3,2019
210125,2,2019
210130,0,2019
210135,0,2019
210140,10,2019
210150,1,2019
210160,6,2019
210170,3,2019
210173,0,2019
210177,0,2019
210180,0,2019
210190,1,2019
210193,1,2019
210197,0,2019
210200,1,2019
210203,10,2019
210207,0,2019
210210,0,2019
210215,0,2019
210220,4,2019
210230,9,2019
210232,9,2019
210235,3,2019
210237,1,2019
210240,0,2019
210250,0,2019
210255,2,2019
210260,0,2019
210270,0,2019
210275,1,2019
210280,1,2019
210290,0,2019
210300,7,2019
210310,0,2019
210312,0,2019
210315,0,2019
210317,0,2019
210320,17,2019
210325,0,2019
210330,6,2019
210340,5,2019
210350,2,2019
210355,0,2019
210360,4,2019
210370,0,2019
210375,0,2019
210380,1,2019
210390,2,2019
210400,2,2019
210405,6,2019
210407,0,2019
210408,0,2019
210409,0,2019
210410,0,2019
210420,0,2019
210430,0,2019
210440,0,2019
210450,1,2019
210455,7,2019
210460,2,2019
210462,1,2019
210465,0,2019
210467,1,2019
210470,0,2019
210480,9,2019
210490,0,2019
210500,0,2019
210510,3,2019
210515,2,2019
210520,1,2019
210530,10,2019
210535,1,2019
210540,2,2019
210542,0,2019
210545,0,2019
210547,1,2019
210550,6,2019
210560,1,2019
210565,0,2019
210570,2,2019
210580,0,2019
210590,1,2019
210592,1,2019
210594,0,2019
210596,0,2019
210598,0,2019
210600,0,2019
210610,0,2019
210620,0,2019
210630,0,2019
210632,4,2019
210635,0,2019
210637,0,2019
210640,0,2019
210650,0,2019
210660,5,2019
210663,0,2019
210667,0,2019
210670,1,2019
210675,1,2019
210680,1,2019
210690,2,2019
210700,0,2019
210710,0,2019
210720,0,2019
210725,0,2019
210730,0,2019
210735,3,2019
210740,0,2019
210745,0,2019
210750,9,2019
210760,1,2019
210770,3,2019
210780,3,2019
210790,7,2019
210800,1,2019
210805,1,2019
210810,1,2019
210820,2,2019
210825,1,2019
210830,0,2019
210840,0,2019
210845,1,2019
210850,1,2019
210860,1,2019
210870,0,2019
210880,0,2019
210890,1,2019
210900,6,2019
210905,0,2019
210910,1,2019
210920,0,2019
210923,0,2019
210927,0,2019
210930,1,2019
210940,0,2019
210945,2,2019
210950,4,2019
210955,1,2019
210960,1,2019
210970,0,2019
210975,0,2019
210980,0,2019
210990,7,2019
211000,2,2019
211003,3,2019
211010,2,2019
211020,6,2019
211023,0,2019
211027,0,2019
211030,2,2019
211040,3,2019
211050,0,2019
211060,0,2019
211065,2,2019
211070,2,2019
211080,0,2019
211085,0,2019
211090,0,2019
211100,1,2019
211102,0,2019
211105,0,2019
211107,5,2019
211110,1,2019
211120,16,2019
211125,0,2019
211130,31,2019
211140,1,2019
211150,3,2019
211153,2,2019
211157,0,2019
211160,2,2019
211163,0,2019
211167,0,2019
211170,0,2019
211172,0,2019
211174,2,2019
211176,0,2019
211178,0,2019
211180,0,2019
211190,0,2019
211195,1,2019
211200,0,2019
211210,3,2019
211220,5,2019
211223,1,2019
211227,0,2019
211230,3,2019
211240,0,2019
211245,0,2019
211250,2,2019
211260,1,2019
211270,6,2019
211280,0,2019
211285,1,2019
211290,1,2019
211300,1,2019
211400,1,2019
